target_id,smiles,pAc
P11309,C1=CC=C2C(=C1)C=C(O2)C(=O)O,3.92
P11309,C1[C@H](OC2=CC(=CC(=C2C1=O)O)O)C3=CC=CC=C3,3.97
P11309,CN(C)C1=CC=C(C=C1)/C=C/2\C(=O)NC(=O)N2CC3=CC=CC=C3,4.11
P11309,COC1=CC=CC=C1/C=C/2\C(=O)NC(=O)N2CC3=CC=CC=C3,4.11
P11309,COC1=CC=C(C=C1)/C=C/2\C(=O)NC(=O)N2CC3=CC=CC=C3.Cl,4.12
P11309,CCOC1=CC=C(C=C1)/C=C/2\C(=O)NC(=O)N2CC3=CC=CC=C3,4.14
P11309,C1=CC=C(C=C1)CN2/C(=C/C3=CC=C(C=C3)Cl)/C(=O)NC2=O,4.16
P11309,C1C(=O)N(C(=O)S1)CC2=CC=CC=C2F,4.2
P11309,C1[C@@H](OC2=CC(=CC(=C2C1=O)O)O)C3=CC=CC=C3,4.22
P11309,C1=CC=C(C=C1)CN2/C(=C/C3=CC=C(C=C3)Br)/C(=O)NC2=O,4.24
P11309,CC1=CC=C(C=C1)S(=O)(=O)NC2=CC=C(C=C2)NC3=NC4=C(C=NN4C=C3)C5=CC(=CC=C5)N(C)C,4.28
P11309,C1=CC=C2C(=C1)C(=CN2)C3=NC=CC4=C3N=C(N4)N,4.3
P11309,C1=CC(=CC(=C1)Br)/C=C\2/C(=O)NC(=O)S2,4.35
P11309,C1=CC=C(C(=C1)CN2C(=O)/C(=C/C3=CC=C(C=C3)F)/SC2=O)F,4.35
P11309,C1=CC=C2C(=C1)C=C(C=N2)C3=NC=CC4=C3N=C(N4)N,4.4
P11309,COC1=CC=C(C=C1)/C=C/2\C(=O)NC(=O)N2CC3=CC=CC=C3,4.42
P11309,CCNC(=O)NC1=NC2=C(C=C1)N=CC(=C2)C3=CC=C(C=C3)OC,4.43
P11309,CN1C=C(C=N1)C2=CC3=C(C=CC(=N3)NC(=O)NCCC4=CC=CC=C4)N=C2,4.49
P11309,C1=CC(=CC(=C1)C(F)(F)F)/C=C\2/C(=O)N(C(=O)S2)CC3=CC=C(C=C3)OC(F)(F)F,4.55
P11309,CC1=CC(=C2C(=O)C=CC(=O)C2=C1)O,4.55
P11309,C1=CC(=CC=C1/C=C\2/C(=O)NC(=O)S2)Br,4.55
P11309,C1=CC=C2C(=C1)C(=CN2)C(=O)C3=CC=CO3,4.55
P11309,CC1=C(C(=O)N(N1CC(C)(C)O)C2=CC=CC=C2)C(=O)NC3=NC=C(C=C3)OC4=C5C=CC(=CC5=NC=C4)OC,4.6
P11309,CC1=C(C(=O)N(N1C)C2=CC=CC=C2)C(=O)NC3=CC(=C(C=C3)OC4=C5C=C(C(=CC5=NC=C4)OC)OC)F,4.6
P11309,CC1=C(C(=C(C2=C1COC2=O)O)O)O,4.67
P11309,CC1=CC(=C2C(=C1)C(=O)C3=C(C2=O)C(=C(C(=C3O)OC)O)O)O,4.67
P11309,C[C@H]1CC[C@@]2([C@H]([C@]1(C)CC3=C(C(=CC(=C3)C(=O)OC)O)O)CCC=C2C)C,4.69
P11309,C1C2=C(C3=CC=CC=C3S1)NC(=O)C(=C2C4=CC=CC=C4Cl)C#N,4.7
P11309,C1C2=C(C3=CC=CC=C3O1)NC(=O)C(=C2C4=CC=NC=C4)C#N,4.7
P11309,C1=CC2=C(C=C1Br)C(=CC(=O)O2)O,4.77
P11309,C1=CC=C(C(=C1)/C=N/O)OCC(CN2C3=CC=CC=C3C4=CC=CC=C42)O,4.8
P11309,C1=CC=C(C=C1)C2=CC(=O)C3=C(C=C(C=C3O2)O)O,4.82
P11309,C1CN(CCN1)C2=CC=C(C=C2)C3=C4C=CC(=NC4=NN3)C5=CN=C(C=C5)N,4.82
P11309,C1=CC=C(C=C1)C2=CC(=O)C3=C(O2)C=C(C=C3)O,4.85
P11309,CC(=CCC1=C(C=C(C2=C1O[C@@H](CC2=O)C3=CC=CC=C3)O)O)C,4.9
P11309,C1=CC=C(C=C1)NC2=CC=C(C=C2)NC(=S)NCC3=CC=C(C=C3)S(=O)(=O)N,4.92
P11309,COC1=CC=CC2=C1C(=O)C3=C(C=CC(=C3C2=O)O)O,4.94
P11309,C1CN(CCN1)C2=CC=C(C=C2)C3=C4C=CC(=NC4=NN3)C5=CC=C(C=C5)S(=O)(=O)N,4.96
P11309,C1=CN=C(C2=C1NC(=N2)N)C3=CC(=C(N3)Br)Br,5
P11309,C1=CC2=C(C(=C1)O)N=C(C=C2)C(=O)N,5
P11309,COC(=O)C1=CC=C(C=C1)/C=C\2/C(=O)NC(=O)S2,5
P11309,CC1=CC=C(C=C1)NC2=NC(=O)/C(=C/C3=CC4=C(C=C3)OCO4)/N2,5.05
P11309,C1=CC=C2C(=C1)N(C3=CC=CC=C3S2)CCCCN,5.06
P11309,C1=CC2=C(C=C1Br)C=C(O2)C(=O)O,5.06
P11309,C1CC1NC2=NC=C3C4=C(C=C(C=C4)C(=O)[O-])N=C(C3=N2)NC5=CC=CC(=C5)C(F)(F)F,5.07
P11309,CN1CCCCC1CCN2C3=CC=CC=C3SC4=C2C=C(C=C4)Cl,5.09
P11309,COC1=CC=CC=C1N2CCN(CC2)CCCNC(=O)C3=NC(=NO3)C4=CN=CC=C4,5.1
P11309,CN1C(=O)C(=CN=C1NC2=CC=C(C=C2)F)C3=NC=C(C=C3)OC4=C5C=C(C(=CC5=NC=C4)OCCCN6CCOCC6)OC,5.11
P11309,C1=CC(=CN=C1)C2=CC3=C(C=C2)OC(=C3)C(=O)O,5.11
P11309,CN1CCCC[C@H]1CCN2C3=CC=CC=C3SC4=C2C=C(C=C4)SC,5.13
P11309,C1=CC2=C(C=C1C3=NC=CN=C3)C=C(O2)C(=O)O,5.13
P11309,CCNC1=N/C(=C\C2=CC3=C(C=C2)OCO3)/C(=O)N1C,5.14
P11309,CN1CCCC[C@@H]1CCN2C3=CC=CC=C3SC4=C2C=C(C=C4)SC,5.15
P11309,CCOC(=O)C(=O)NC1=N/C(=C\C2=CC3=C(C=C2)OCO3)/C(=O)N1C,5.15
P11309,CN1CCCCC1CCN2C3=CC=CC=C3SC4=C2C=C(C=C4)SC,5.16
P11309,CN1CCCCC1CCN2C3=CC=CC=C3SC4=C2C=C(C=C4)Br,5.17
P11309,CN1C(=O)/C(=C/C2=CC3=C(C=C2)OCO3)/N=C1NCCCO,5.19
P11309,CN1C(=O)/C(=C/C2=CC3=C(C=C2)OCO3)/N=C1NCCCCCO,5.21
P11309,C1=CC2=C(C=C1OC(F)(F)F)C=C(O2)C(=O)O,5.21
P11309,CN1C(=O)/C(=C/C2=CC3=C(C=C2)OCO3)/N=C1NCCN4CCOCC4,5.21
P11309,C1CNCCC1N2C=C(C=N2)C3=CC4=C(C=C3)OC(=C4)C(=O)O,5.22
P11309,CN(C)C1=CC=C(C=C1)/C=C\2/C(=O)NC(=O)S2,5.22
P11309,C1=CC=C2C(=C1)C(=O)C(C2=O)C#N,5.22
P11309,COC1=C2C(=CC(=C1)Br)C=C(O2)C(=O)O,5.23
P11309,CC(C)(C)CNC(=O)CC1CNC(=O)C2=CC(=CN12)C3=CC=NC=C3,5.26
P11309,C1C[C@@H](CN(C1)C2=NC=NC=C2NC3=CC=CC4=CN=C(N=C43)C5=C(C=CC=C5F)F)N,5.27
P11309,CN1C=C(C=N1)C2=CC3=C(C=C2)OC(=C3)C(=O)O,5.27
P11309,C1=CC2=C(C=C1C(F)(F)F)C=C(O2)C(=O)O,5.28
P11309,C1=CC=C(C=C1)NNC(=O)C2=NC3=C(C=CC(=C3O)C(=O)O)C=C2,5.29
P11309,COC1=CC=C(C=C1)/C=C\2/C(=O)NC(=O)S2,5.29
P11309,C1=CC(=NC2=C1C=CC(=C2O)C(=O)O)/C=C/C3=CC=C(C=C3)C(=O)O,5.3
P11309,C1=CC=C2C(=C1)C3=C(O2)C(=O)N=C(N3)C4=CC=CC=C4Cl,5.3
P11309,C1=CC(=NC2=C1C=CC(=C2O)C(=O)O)CCC3=CC(=C(C=C3)O)O,5.3
P11309,C1OC2=C(O1)C=C(C=C2)/C=C\3/C(=O)N=C(N3)NC4=CC5=C(C=C4)OCO5,5.3
P11309,CC1=CC(=NC(=N1)SCC(=O)C2=CC(=C(C=C2)F)C)C,5.3
P11309,CC(=O)NC1=CC2=C(C=C1)OC3=C2NC(=NC3=O)C4=CC=CC=C4Cl,5.3
P11309,COC1=CC2=C(C=C1)C3=C(O2)C(=O)N=C(N3)C4=CC=CC=C4Cl,5.3
P11309,C1=CC=C(C(=C1)C2=NC(=O)C3=C(N2)C4=C(O3)C=CC(=C4)N)Cl,5.3
P11309,C1=CC(=C(C(=C1)F)C2=NC(=CS2)C3=CC=C(C=C3)C(=O)N)F,5.3
P11309,C1=CN=CC=C1COC2=C3C(=CC(=C2)Br)C=C(O3)C(=O)O,5.31
P11309,COC1=CC=C(C=C1)C2=NC3=NNC(=C3C=C2)C4=CC=C(C=C4)N5CCNCC5,5.31
P11309,C1C2=C(C3=CC=CC=C3S1)NC(=O)C(=C2C4=CN=CC=C4)C#N,5.32
P11309,C1CN(C[C@@H]([C@H]1F)N)C2=C(C=NC=C2)NC3=CC=CC4=CN=C(N=C43)C5=C(C=CC=C5F)F,5.33
P11309,CCCCNC1=N/C(=C\C2=CC3=C(C=C2)OCO3)/C(=O)N1C,5.34
P11309,CC1=C(C(=C2C(=C1C=O)C=C(O2)C3=C(C(=C(C(=C3C)O)O)O)C=O)O)O,5.35
P11309,C1=CN=CC=C1CCOC2=C3C(=CC(=C2)Br)C=C(O3)C(=O)O,5.35
P11309,C1=CC(=NC2=C1C=CC(=C2O)C(=O)O)/C=C/C3=CC(=C(C=C3)F)F,5.35
P11309,CCCNC1=N/C(=C\C2=CC3=C(C=C2)OCO3)/C(=O)N1C,5.35
P11309,CN1C(=O)/C(=C/C2=CC3=C(C=C2)OCO3)/N=C1NCC=C,5.38
P11309,CN1C(=O)/C(=C/C2=CC3=C(C=C2)OCO3)/N=C1NC4=CC=C(C=C4)OC,5.39
P11309,CC(C)(C)C1=CC(=NO1)NC(=O)NC2=CC=C(C=C2)C3=CN4C(=CSC4=N3)C(=O)NCCCN(C)C,5.39
P11309,C1=CC(=NC2=C1C=CC(=C2O)C(=O)O)/C=C/C3=CC=C(C=C3)N,5.4
P11309,C1COCCN1C2CC(=O)C3=CC=CC(=C3O2)C4=CC=CC=C4,5.4
P11309,CC(C)NC1=N/C(=C\C2=CC3=C(C=C2)OCO3)/C(=O)N1C,5.4
P11309,C1=CC=C(C=C1)C2=CC3=C(C=C2)OC4=C3NC(=NC4=O)C5=CC=CC=C5Cl,5.4
P11309,CN1C(=O)/C(=C/C2=CC3=C(C=C2)OCO3)/N=C1NC4=CC=C(C=C4)O,5.4
P11309,C1CCCN(CC1)C2=NC3=C(C=C2)N=NN3C4=CC=C(C=C4)F,5.41
P11309,CN1C(=O)/C(=C/C2=CC3=C(C=C2)OCO3)/N=C1NCC4=CC=CC=C4,5.43
P11309,C1CCN(CC1)C2=CC=CC(=C2)C3=C4N=C(C=CN4N=C3)NCCN,5.45
P11309,CNC1=N/C(=C\C2=CC3=C(C=C2)OCO3)/C(=O)N1C,5.46
P11309,C1=CC(=NC2=C1C=CC(=C2O)C(=O)O)/C=C/C3=CC=C(C=C3)[N+](=O)[O-],5.47
P11309,COC1=CC(=CC(=C1O)O)CNC(=O)C2=NC3=C(C=CC(=C3O)C(=O)O)C=C2,5.48
P11309,C1=CC=C(C=C1)/C=C/C2=NC3=C(C=C2)C=CC(=C3O)C(=O)O,5.49
P11309,COC1=CC=C(C=C1)N2C3=C(C=CC(=N3)N4CCCCCC4)N=N2,5.49
P11309,C[C@@H]1C[C@@H](C[C@@H]([C@H]1NS(=O)(=O)C)N)C2=C(C=NC=C2)NC(=O)C3=NC(=C(C=C3)F)C4=C(C=CC=C4F)F,5.5
P11309,CN1C(=O)/C(=C/C2=CC3=C(C=C2)OCO3)/N=C1NCCN,5.51
P11309,CC1=C(C(=C2C(=C1C=O)[C@H]3C(=O)C4=C([C@H](O3)O2)C(=C(C(=C4O)O)O)C)O)O,5.51
P11309,CCNC1=NC(=O)/C(=C/C2=CC3=C(C=C2)OCO3)/N1,5.51
P11309,COC(=O)C1=C2C=CNC2=C3C(=C1)C4=CC=CC=C4N3,5.52
P11309,C1=CC(=C(C2=C1C=CC(=N2)C(=O)NNC3=C(C=C(C=C3)[N+](=O)[O-])[N+](=O)[O-])O)C(=O)O,5.52
P11309,C1OC2=C(O1)C=C(C=C2)/C=C/C3=NC4=C(C=C3)C=CC(=C4O)C(=O)O,5.52
P11309,CC(=O)OC1=C2C(=O)C=CC(=O)C2=C(C=C1)O,5.52
P11309,CN1CCN(CC1)C2=CC=C(C=C2)NC3=NC=C4CCCC5=C(C4=N3)N(N=C5C(=O)N)C,5.525
P11309,CNC1=CC2=C(C=C1)OC3=C2NC(=NC3=O)C4=CC=CC=C4Cl,5.53
P11309,C1CCN(CC(C1)N)C2=C(C=NC=C2)NC3=CC=CC4=CN=C(N=C43)C5=C(C=CC=C5F)F,5.54
P11309,C1CN(CCN1)C2=CC=C(C=C2)C3=CNC4=C3C=C(C=C4)C5=CC=NC=C5,5.55
P11309,CSC1=NN=C(S1)C2=CC3=C(C=C2)NC=C3C4=CC5=CC=CC=C5N=C4,5.55
P11309,C1=CC(=C(C(=C1)O)O)CNC(=O)C2=NC3=C(C=CC(=C3O)C(=O)O)C=C2,5.55
P11309,CN1CCN(CC1)C2=CC(=C(C=C2)NC3=NC=C4CCCC5=C(C4=N3)N(N=C5C(=O)N)C)OC,5.555
P11309,COC1=C(C=C2C(=C1O)C(=O)C=C(O2)C3=CC=C(C=C3)O)O,5.57
P11309,C1CNCCC1CNC(=O)C2=C3C(=CC(=C2)Br)C=C(O3)C(=O)O,5.57
P11309,C1=CC(=C(C=C1O)O)C2=C(C(=O)C3=C(C=C(C=C3O2)O)O)O,5.57
P11309,C1COCCN1C2=CC(=O)C3=C(O2)C(=CC=C3)C4=CC=CC=C4,5.5725
P11309,CC(C)(C)CNC(=O)CC1CNC(=O)C2=CC(=CN12)C3=CC=CC=C3,5.59
P11309,C1COCCN1C2=NC3=C(C=C2)N=NN3C4=CC=C(C=C4)F,5.59
P11309,CN1C(=O)/C(=C/C2=CC3=C(C=C2)OCO3)/N=C1NC4=CC=CC=C4,5.59
P11309,C1CN(CCN1)C2=CC=C(C=C2)C3=CNC4=C3C=C(C=C4)C5=CN=CN=C5,5.59
P11309,CC(C)(C)CNC(=O)CC1CNC(=O)C2=CC(=CN12)C3=CC=C(C=C3)F,5.59
P11309,CCCNC1=NC(=O)/C(=C/C2=CC3=C(C=C2)OCO3)/N1,5.6
P11309,C#CC1=CC(=CC=C1)NC2=NC3=C(C=CC(=C3)C(=O)[O-])C4=CN=CN=C42,5.6
P11309,CC1=CC(=C2C(=C1)C(=O)C3=CC(=CC(=C3C2=O)O)O)O,5.6
P11309,C1CN(CCN1)C2=CC=C(C=C2)C3=C4C=CC(=NC4=NN3)C5=CC=NC=C5,5.6
P11309,C1CNCCC1OC2=NC3=C(C=C2)N=NN3C4=CC(=CC=C4)OC(F)(F)F,5.62
P11309,C1C(CN(CC1N)C2=C(C=NC=C2)NC3=CC=CC4=CN=C(N=C43)C5=C(C=CC=C5F)F)N,5.64
P11309,COC(=O)C1=CC=CC2=C3C=NC=CC3=C(N=C21)NC4=CC(=CC=C4)Cl,5.65
P11309,C1[C@@H](CN(C[C@H]1OC(=O)C2=CC=CC=C2)C3=C(C=NC=C3)NC(=O)C4=CSC(=N4)C5=C(C=CC=C5F)F)N,5.65
P11309,CN1C(=O)/C(=C/C2=CC3=C(C=C2)OCO3)/N=C1NC4=CC5=C(C=C4)OCCO5,5.66
P11309,C1C[C@H](CN(C1)C2=C(C=NC=C2)NC3=CC=CC4=CN=C(N=C43)C5=C(C=CC=C5F)F)N,5.68
P11309,CC(C)CCNC1=N/C(=C\C2=CC3=C(C=C2)OCO3)/C(=O)N1C,5.68
P11309,C1=CC(=C(C2=C1C=CC(=N2)C(=O)NCC3=CC(=C(C=C3)O)O)O)C(=O)O,5.68
P11309,CN1C(=O)/C(=C/C2=CC3=C(C=C2)OCO3)/N=C1NCC4CC4,5.68
P11309,C1CN(CCN1)C2=CC=C(C=C2)C3=CNC4=C3C=C(C=C4)C5=CC=CC=N5,5.68
P11309,CN1C2CCC1C=C(CC2)N(CCC3=CNC4=CC=CC=C43)C(=O)C5=CC=C(C=C5)Cl,5.68
P11309,CC(C)CNC1=N/C(=C\C2=CC3=C(C=C2)OCO3)/C(=O)N1C,5.7
P11309,COC1=CC=C(C=C1)CNC(=O)NC2=NC3=C(C=CC(=C3O)C(=O)O)C=C2,5.7
P11309,C[C@H]1C[C@H](C[C@H]([C@H]1N(C)C(=O)OC)N)C2=C(C=NC=C2)NC(=O)C3=C(SC(=N3)C4=C(C=CC=C4F)F)N,5.706666667
P11309,CC(C)(C)CNC(=O)CC1CNC(=O)C2=CC(=CN12)C3=CC(=CC=C3)F,5.71
P11309,C1=CC2=C(C=C1C3=NC=CC(=N3)NCCCCN)C=C(O2)C(=O)O,5.72
P11309,C1OC2=C(O1)C=C(C=C2)/C=C\3/C(=O)N=C(N3)NC4=CC=CC=C4,5.725
P11309,COC1=CC=CC2=C1C3=C(O2)C(=O)N=C(N3)C4=CC=CC=C4Cl,5.73
P11309,C1CN(CCN1)C2=CC=C(C=C2)C3=C4C=CC(=NC4=NN3)C5=CC=CC=C5,5.77
P11309,CCO[C@@H]1C[C@@H](CN(C1)C2=C(C=NC=C2)NC3=CC=CC4=CN=C(N=C43)C5=C(C=CC=C5F)F)N,5.77
P11309,CC(C)(C)CNC(=O)CC1CNC(=O)C2=CC(=CN12)C3=CC=CC=C3F,5.77
P11309,C[C@@H]1C[C@@H](C[C@@H]([C@@H]1NS(=O)(=O)C)N)C2=C(C=NC=C2)NC(=O)C3=NC(=C(C=C3)F)C4=C(C=CC=C4F)F,5.773333333
P11309,C1=CC=C(C=C1)NCCNC2=NC3=C(C=NN3C=C2)C4=CC5=CC=CC=C5C=C4,5.79
P11309,C1=CC(=C(C=C1C2=CC(=O)C3=C(C=C(C=C3O2)O)O)O)O,5.8
P11309,CS(=O)(=O)OC1CN2C=C(C3=C2C4=C(C=C3)C5=CC=CC=C5N4C1)C=O,5.81
P11309,C[C@@H]1C[C@@H](C[C@@H]([C@H]1OC)N)C2=C(C=NC=C2)NC(=O)C3=NC(=C(C=C3)F)C4=C(C=CC=C4F)F,5.81
P11309,C1=CC=C2C=C(C=CC2=C1)C3=C4N=C(C=CN4N=C3)NC5=CN=CC=C5,5.82
P11309,CC(C)(C)OC(=O)N[C@H]1CCN(C1)C2=CC=CC=C2/C=C\3/C(=O)NC(=O)S3,5.82
P11309,C1CC1CNC2=NC(=O)/C(=C/C3=CC4=C(C=C3)OCO4)/N2,5.82
P11309,CC(C)(C)CNC(=O)CC1CNC(=O)C2=CC(=CN12)C3=CSC=C3,5.84
P11309,C1C(CN2C3=CC=CC=C3C4=C2C5=C(C=C4)C(=CN51)C=O)O,5.85
P11309,C1=CC=C2C(=C1)C=C(S2)C3=C4C(=CC(=C3)C5=CN(C6=CN=C(N=C65)N)CCN)C=NN4,5.85
P11309,CN1CCC(CC1)NC(=O)C2=CC(=C(C=C2)NC3=NC=C4CCCC5=C(C4=N3)N(N=C5C(=O)N[C@H](CN)C6=CC=CC=C6)C)OC,5.86
P11309,CCN(CC)CCCCN1C2=CC=CC=C2OC3=C1C=C(C=C3)Cl,5.89
P11309,C1=CC(=CC=C1C2=C(C(=O)C3=C(C=C(C=C3O2)O)O)O)O,5.89
P11309,CC(C)(C)CNC(=O)CC1CNC(=O)C2=CC(=CN12)C3=CC(=CC=C3)OC(F)(F)F,5.89
P11309,C1C2=C(C3=CC=CC=C3O1)NC(=O)C(=C2C4=CC=CC=C4Cl)C#N,5.91
P11309,C1OC2=C(O1)C=C(C=C2)/C=C\3/C(=O)N=C(N3)NC4=CC=C(C=C4)O,5.92
P11309,CC(=O)NC1=CC=C(C=C1)C(=O)NC2=C(C=CC(=C2)C3=CC=CS3)N,5.923333333
P11309,C[C@H]1C[C@H](C[C@H]([C@H]1N2C=CC=CC2=O)N)C3=C(C=NC=C3)NC(=O)C4=NC(=C(C=C4)F)C5=C(C=CC=C5F)F,5.933333333
P11309,COC1=C(C=C(C=C1)C2=CC(=C(C(=O)N2)C#N)C(F)(F)F)Br,5.94
P11309,CN(C)CCOC1=NC(=CN=C1)C2=CC3=C(C=C2)NC=C3C(=O)/C=C/N(C)C,5.95
P11309,C[C@@H]1C[C@@H](C[C@@H](C1)N)C2=C(C=NC=C2)NC(=O)C3=C(C=CC(=N3)C4=C(C=CC=C4F)F)F,5.956666667
P11309,C1=CC(=CN=C1)C(=O)NC2=C3C(=CC(=C2)Cl)C4=C(N3)C=NC=C4,5.96
P11309,C1C(N2C=C(C=C2C(=O)N1)C3=CNN=C3)CC(=O)NCC4=CC(=CC=C4)F,5.96
P11309,C1C(CN2C3=CC=CC=C3C4=C2C5=C(C=C4)C(=CN51)C=O)OCCO,5.96
P11309,C1=CC2=C(C=C1Br)C(=CN2)C3=NC(=NC=C3)N,5.98
P11309,CCC1=CC(=C(C=C1)O)C2=CC(=C(C(=O)N2)C#N)C3=CC(=CC=C3)Cl,5.99
P11309,C1=CC(=C(C(=C1)F)C2=NC(=CS2)C(=O)NC3=CN=CC=C3)F,6
P11309,C1=CC(=CC=C1C2=C(C(=O)C3=C(O2)C=C(C=C3)O)O)O,6.01
P11309,C1CNCCC1NC(=O)C2=C3C(=CC(=C2)Br)C=C(O3)C(=O)O,6.01
P11309,COC1=C(C=C(C=C1)/C=C\2/C(=O)NC(=O)S2)OC,6.02
P11309,C1=CC(=CC=C1C2=CC(=O)C3=C(C=C(C=C3O2)O)O)O,6.03
P11309,C1C2=C(C3=CC=CC=C3O1)NC(=O)C(=C2C4=CC=C(C=C4)Cl)C#N,6.04
P11309,C[C@H]1C[C@H](CN(C1)C2=C(C=NC=C2)NC3=CC=CC4=CN=C(N=C43)C5=C(C=CC=C5F)F)N,6.05
P11309,C1=CC=C(C=C1)/C=C\2/C(=O)NC(=O)S2,6.05
P11309,C1=CC(=NC(=C1)N)C2=CNC3=C2C=C(C=C3)C4=NN=C(S4)N,6.06
P11309,CN(C)C(=O)CN1CCC(CC1)CNC2=NC3=C(C=C2)N=NN3C4=CC(=CC=C4)OC(F)(F)F,6.07
P11309,C1=CC=C(C=C1)N2C3=C(C=CC(=N3)NCCC4=CC=C(C=C4)S(=O)(=O)N)N=N2,6.07
P11309,C1=CC(=C(C=C1C2=C(C(=O)C3=C(O2)C=C(C=C3)O)O)O)O,6.07
P11309,C1COCCC1CNC(=O)CC2CNC(=O)C3=CC(=CN23)C4=CC(=CC=C4)C(F)(F)F,6.08
P11309,CN(C)CCNC1=NC2=C(C=NN2C=C1)C3=CC=C(C=C3)Cl,6.08
P11309,C1=CC=C(C=C1)C2=CC=C(S2)C3=C4N=C(C=CN4N=C3)NCCN,6.08
P11309,C1=CC=C(C=C1)C2=CC=CC=C2C3=C4N=C(C=CN4N=C3)NCCN,6.08
P11309,C1=CC=C2C=C(C=CC2=C1)C3=C4N=C(C=CN4N=C3)N,6.09
P11309,C1[C@H](CN(C[C@H]1N)C2=C(C=NC=C2)NC3=CC=CC4=C3N=C(C=C4)C5=C(C=CC=C5F)F)CO,6.1
P11309,C1=CC(=CC(=C1)Cl)NC2=C3C=CN=CC3=C4C=CC(=CC4=N2)C(=O)N,6.1
P11309,C1=CC(=CC(=C1)F)C[C@@H](CN)NC(=O)C2=CC(=C(S2)C3=C4C=CNC4=NC=C3)Br,6.1
P11309,C1=C(C=C(C(=C1O)O)O)C2=C(C(=O)C3=C(C=C(C=C3O2)O)O)O,6.11
P11309,C1C(CN2C3=CC=CC=C3C4=C2C5=C(C=C4)C(=CN51)C=O)OCCCBr,6.13
P11309,CC1=C(C2=C(N1C)C3=NC(=NC=C3CC2)NC4=C(C=C(C=C4)N5CCN(CC5)C)OC)C(=O)N,6.13
P11309,C1CC1CNC2=NC3=C(C=NN3C=C2)C4=CC5=CC=CC=C5C=C4,6.14
P11309,C[C@@H]1C[C@@H](C[C@@H]([C@@H]1NC(=O)C)N)C2=C(C=NC=C2)NC(=O)C3=NC(=C(C=C3)F)C4=C(C=CC=C4F)F,6.17
P11309,C1=CC=C2C(=C1)C=C(C=N2)C3=CNC4=C3C=C(C=C4)C5=NN=C(S5)N,6.175
P11309,C1=C(C=C(C(=C1O)O)O)C2=CC(=O)C3=C(C=C(C=C3O2)O)O,6.19
P11309,COC1=CC=CC(=C1)/C=C\2/C(=O)NC(=O)S2,6.19
P11309,CC(=O)C1=CC2=C(C=C1)OC3=C2NC(=NC3=O)CN4CCN(CC4)C,6.19
P11309,C1=CC2=NN=C(N2C=C1)C3=NC4=C(C=CC=C4OC5=NC(=NC=C5)N)C=C3,6.19
P11309,C[C@@H]1C[C@@H](C[C@@H]([C@H]1OCCC(=O)O)N)C2=C(C=NC=C2)NC(=O)C3=NC(=C(C=C3)F)C4=C(C=CC=C4F)F,6.19
P11309,C1COCCC1CNC2=NC3=C(C=NN3C=C2)C4=CC(=CC=C4)OC(F)(F)F,6.2
P11309,C1C(N2C=C(C=C2C(=O)N1)C3=CC(=CC=C3)C(F)(F)F)CC(=O)NCC4=CC(=CC=C4)F,6.21
P11309,C1=CC(=CC(=C1)Cl)/C=C\2/C(=O)NC(=O)S2,6.22
P11309,CCC1=CC=C(C=C1)/C=C\2/C(=O)NC(=O)S2,6.22
P11309,C1=C(C(=CC(=C1Br)Br)NC2=NC3=C(N2)C(=C(C(=C3Br)Br)Br)Br)N,6.22
P11309,C1=CC(=C(C2=C1C=CC(=N2)C(=O)NCC3=CC(=CC(=C3)O)O)O)C(=O)O,6.22
P11309,C1[C@@H](CN(C[C@@H]1O)C2=C(C=NC=C2)NC3=CC=CC4=C3N=C(C=C4)C5=C(C=CC=C5F)F)N,6.23
P11309,CN1C(=O)/C(=C/C2=CC3=C(C=C2)OCO3)/N=C1NCC4=CC5=C(C=C4)OCO5,6.23
P11309,CN1CCN(CC1)CC2=NC(=O)C3=C(N2)C4=C(O3)C=CC(=C4)C5CC5,6.24
P11309,C1=CC(=CC(=C1)Cl)NC2=NC3=C(C=C(C=C3)C(=O)O)C4=C2C=CN=C4,6.24
P11309,C[C@@H]1C[C@@H](C[C@@H]([C@@H]1OCC(=O)O)N)C2=C(C=NC=C2)NC(=O)C3=NC(=C(C=C3)F)C4=C(C=CC=C4F)F,6.25
P11309,C1CNCCC1OC2=C(C=NC=C2)NCC3=CC=CC(=N3)C4=C(C=CC=C4F)F,6.26
P11309,C1=CC=C(C=C1)C2=C(NC3=C2C=CC=C3C(=O)O)C4=CC=CC=C4,6.26
P11309,C[C@@H]1C[C@@H](C[C@@H]([C@@H]1OCCS(=O)(=O)C)N)C2=C(C=NC=C2)NC(=O)C3=NC(=C(C=C3)F)C4=C(C=C(C=C4F)C)F,6.263333333
P11309,C1=CC2=C(C=C1Br)C3=C(O2)C(=O)N=CN3,6.28
P11309,C1CN(CCN1)C2=CC=C(C=C2)C3=CNC4=C3C=C(C=C4)C5=NC=CN=C5,6.28
P11309,CC(C)(C)CNC(=O)CC1CNC(=O)C2=CC(=CN12)C3=CC(=CC=C3)C(F)(F)F,6.28
P11309,C[C@@H](CN1CCN(CC1)C)NC(=O)C[C@H]2CNC(=O)C3=CC(=CN23)C4=CC(=CC=C4)Cl,6.28
P11309,C1=CC=C2C(=C1)C3=C(N2)C4=C(C=C3)C(=CN4)C(=O)N,6.3
P11309,C[C@H]1CN(C[C@H]([C@H]1N(C)C(=O)C)N)C2=C(C=NC=C2)NC(=O)C3=NC(=C(C=C3)F)C4=C(C=CC=C4F)F,6.3
P11309,C1CC1NC(=O)C2=CC=CC(=C2)C3=CC=C(O3)/C=C/4\C5=C(C=CC(=C5)F)NC4=O,6.3
P11309,COC1=C(C=C(C=C1)/C=C/C2=NC3=C(C=C2)C=CC(=C3O)C(=O)O)O,6.3
P11309,C1CC1C2=CC3=C(C=C2)OC4=C3NC(=NC4=O)C5=C(C=CC=C5Cl)F,6.3
P11309,CC1=C(C=C(C=C1N2CCN(CC2)C3=NC=NC4=NNC(=C43)Br)Cl)NCCN(C)C,6.3
P11309,C1=CC(=C(C2=C1C=CC(=N2)NC(=O)NCC3=CC(=C(C=C3)O)O)O)C(=O)O,6.3
P11309,C1=CC(=C(C=C1C2=C(C(=O)C3=C(C=C(C=C3O2)O)O)O)O)O,6.31
P11309,C1CN(C[C@H]([C@@H]1F)N)C2=C(C=NC=C2)NC3=CC=CC4=CN=C(N=C43)C5=C(C=CC=C5F)F,6.33
P11309,CC(C)(C)OC(=O)NCCCCN1C2=CC=CC=C2C3=C1C4=C(C=C3)C(=CN4)C=O,6.33
P11309,C1=CC2=C(C=C1C3=NC(=NC=C3)NCCCCN)C=C(O2)C(=O)O,6.34
P11309,COCOC1=C(C=CC=C1C(F)(F)F)/C=C\2/C(=O)NC(=O)S2,6.34
P11309,C1C(CN1)NC2=NC(=CN=C2)C3=CC4=C(C=C3)OC(=C4)C(=O)O,6.35
P11309,COC1=C(C2=C(C=C1)C(=O)/C(=C/C3=CNC4=C3N=CC=C4)/O2)CN5CCNCC5,6.35
P11309,C1=CC2=C(C=C1C3=C(C=C(C=C3)F)F)C4=C(N2)C5=C(C=C4)C(=CN5)C=O,6.353333333
P11309,C1=CC(=CC(=C1)OC(F)(F)F)N2C3=C(C=CC(=N3)NCCC4=CN=CC=C4)N=N2,6.36
P11309,C1=CC2=C(C3=C1C=CN3)NC4=C2C=C(C=C4)Br,6.36
P11309,C1CC1C(=O)CN2CCC(CC2)CNC3=NC4=C(C=C3)N=NN4C5=CC(=CC=C5)OC(F)(F)F,6.36
P11309,C1=CC(=C(C=C1C2=C(C(=O)C3=C(O2)C(=C(C=C3O)O)O)O)O)O,6.37
P11309,C1=CC=C(C(=C1)C2=CC(=C(C(=O)N2)C#N)C3=CC=C(C=C3)O)O,6.37
P11309,C1CNCCC1CNC2=NC3=C(C=C2)N=NN3C4=CN=C(C=C4)N,6.39
P11309,C1CCCN(CC1)CC2=C(C=CC3=C2O/C(=C\C4=CNC5=CC=CC=C54)/C3=O)O,6.39
P11309,C1CC(CN(C1)C2=C(C=NC=C2)NC3=CC=CC4=CN=C(N=C43)C5=NC=CS5)N,6.39
P11309,CCCNC1=NC2=C(C=C1)N=NN2C3=CC(=CC=C3)OC(F)(F)F,6.4
P11309,CN(C)CCOC1=NC(=CN=C1)C2=CC3=C(C=C2)NC=C3C(=O)C4=CC=CC=C4,6.4
P11309,C1=CC(=NC2=C1C=CC(=C2O)C(=O)O)/C=C/C3=CC(=CC(=C3)O)O,6.4
P11309,CCO[C@@H]1[C@@H](C[C@@H](C[C@@H]1N)C2=C(C=NC=C2)NC(=O)C3=NC(=C(C=C3)F)C4=C(C=CC=C4F)F)C,6.41
P11309,C1=CC=C2C(=C1)/C(=C\C3=CC=C(O3)C4=CC(=CC=C4)C(=O)O)/C(=O)N2,6.41
P11309,C1C(CN2C3=CC=CC=C3C4=C2C5=C(C=C4)C(=CN51)C=O)OCC#N,6.41
P11309,CN1CC[NH+](CC1)CC2=C(C=CC3=C2O/C(=C\C4=CNC5=CC=CC=C54)/C3=O)[O-],6.41
P11309,CC(C)C1=CC=CC=C1C2=NC(=O)C3=C(N2)C4=C(O3)C=CC(=C4)Br,6.42
P11309,C1CNCCC1CNC2=NC(=CN=C2)C3=CC4=C(C=C3)OC(=C4)C(=O)O,6.42
P11309,C[C@@H]1C[C@@H](C[C@@H]([C@@H]1N2C=CC=CC2=O)N)C3=C(C=NC=C3)NC(=O)C4=NC(=C(C=C4)F)C5=C(C=CC=C5F)F,6.42
P11309,CN(C)CCNC1=NC(=CN=C1)C2=CC3=C(C=C2)NC=C3C(=O)/C=C/N(C)C,6.43
P11309,C1COCCN1C2=NN3C(=NN=C3C4=CC=C(C=C4)F)C=C2,6.43
P11309,CC1=CC(=C(C=C1)O)C2=C(C(=O)NC(=C2)C3=CC=CC=C3)C#N,6.43
P11309,C1CCC(CC1)CNC(=O)CC2CNC(=O)C3=CC(=CN23)C4=CC(=CC=C4)C(F)(F)F,6.43
P11309,COCCCNC1=NC(=CN=C1)C2=CC(=CC=C2)/C=C/C(=O)O,6.43
P11309,C[C@@H]1C[C@@H](C[C@@H]([C@@H]1NC(=O)OC)N)C2=C(C=NC=C2)NC(=O)C3=NC(=C(C=C3)F)C4=C(C=CC=C4F)F,6.47
P11309,C1=CC(=C(C=C1C2=C(C(=O)C3=C(C(=C(C=C3O2)O)O)O)O)O)O,6.47
P11309,C1=CC(=CC(=C1)Cl)NC2=C3C=CN=CC3=C4C=CC=C(C4=N2)C(=O)O,6.47
P11309,CC1=CC(=C(C=C1)O)C2=CC(=C(C(=O)N2)C#N)C3=CC=CC=C3,6.47
P11309,C[C@H](C1=CC=CC=C1C(F)(F)F)OC2=C(SC(=C2)N3C=NC4=C3C=C(C=C4)OC5CCN(CC5)C)C(=O)N,6.47
P11309,C1CN(CCN1)C2=NC3=C(C=C2)N=NN3C4=CC(=CC=C4)OC(F)(F)F,6.47
P11309,C1=CC(=CC=C1/C=C\2/C(=O)NC(=O)S2)C(F)(F)F,6.48
P11309,C[N+](C)(CCO)CC1=CN(N=N1)CCCCN2C3=CC=CC=C3C4=C2C5=C(C=C4)C(=CN5)C=O.C(=O)(C(F)(F)F)[O-],6.49
P11309,CCCNC1=NC2=C(C=C1)N=NN2C3=CC=C(C=C3)O,6.49
P11309,C1=CC=C2C(=C1)C3=C(N2CCCCN4C=C(N=N4)CO)C5=C(C=C3)C(=CN5)C=O,6.5
P11309,C1CCN(CC1)CCNC2=NC3=C(N2)C(=C(C(=C3Br)Br)Br)Br,6.5
P11309,C1COCCC1NC2=NC3=C(C=C2)N=NN3C4=CC(=CC=C4)OC(F)(F)F,6.5
P11309,C1CNCCC1CNC2=NC3=C(C=C2)N=NN3C4=NC(=CS4)C(F)(F)F,6.5
P11309,C[C@H](C1=CC=CC=C1Cl)OC2=C(SC(=C2)N3C=NC4=C3C=C(C=C4)OC5CCN(CC5)C)C(=O)N,6.51
P11309,C1=CC=C2C(=C1)C=C(C=N2)C3=CNC4=C3C=C(C=C4)C5=CN=C(S5)N,6.51
P11309,CC1=CC(=CC2=C1C(=O)C3=C(C=C(C=C3O2)O)O)O,6.52
P11309,C[C@@H]1C[C@@H](C[C@@H]([C@@H]1OCCS(=O)(=O)C)N)C2=C(C=NC=C2)NC(=O)C3=NC(=C(C=C3)F)C4=C(C=CC=C4F)F,6.52
P11309,CN1C(=O)/C(=C/C2=CC3=C(C=C2)OCO3)/N=C1NC4CCCC4,6.52
P11309,C1=CC(=CC=C1/C=C\2/C(=O)NC(=O)S2)OC(F)(F)F,6.52
P11309,CC1=C2C(=CC(=C1O)O)OC3=CC(=CC(=C3C2=O)O)O,6.52
P11309,C1CC(CN(C1)C2=NC3=C(N2)C(=C(C(=C3Br)Br)Br)Br)CN4CCN(CC4)C5=CC=CC=N5,6.53
P11309,C1=CC=C(C(=C1)C2=NC(=O)C3=C(N2)C4=C(O3)C=CC(=C4)OC(F)(F)F)Cl,6.53
P11309,COC1=C(C=C(C=C1)NC2=NC3=C(N2)C(=C(C(=C3Br)Br)Br)Br)OC,6.54
P11309,COCCOC1=C(C=CC=C1C(F)(F)F)/C=C\2/C(=O)NC(=O)S2,6.55
P11309,C1=CC=C(C=C1)CCNC2=NC3=C(C=C2)N=NN3C4=CC=CC=C4,6.55
P11309,CN(C)CCCN1CCN(CC1)C2=NC3=C(N2)C(=C(C(=C3Br)Br)Br)Br,6.55
P11309,C1=CC=C(C(=C1)C2=NC(=O)C3=C(N2)C4=C(O3)C=CC(=C4)C#N)Cl,6.55
P11309,CNC1=NN=C(S1)C2=CC3=C(C=C2)NC=C3C4=CC5=CC=CC=C5N=C4,6.57
P11309,C[C@H]1CN(C[C@H]([C@H]1N2C=CN=N2)N)C3=C(C=NC=C3)NC(=O)C4=NC(=C(C=C4)F)C5=C(C=C(C=C5F)C6COC6)F,6.57
P11309,CC(=O)C1=CNC2=C1C=C(C=C2)C3=CN=CC(=N3)NCCN(C)C,6.57
P11309,CN(C)CCNC1=NC(=CN=C1)C2=CC3=C(C=C2)NC=C3C(=O)C4CC4,6.57
P11309,C[C@@H]1C[C@@H](C[C@@H](C1)N)C2=C(C=NC=C2)NC(=O)C3=NC(=C(C=C3)F)C4=C(C=CC=C4F)F,6.576666667
P11309,C1=CC2=NN=C(N2C=C1)C3=NC4=C(C=CC=C4OC5=CC(=NC=C5)N)C=C3,6.58
P11309,CC(C)OC1=NC=C(N=C1)C2=CNC3=C2C=C(C=C3)C4=NN=C(S4)N,6.58
P11309,C1CN(CCC1CNC2=NC3=C(C=C2)N=NN3C4=CC(=CC=C4)OC(F)(F)F)CCF,6.58
P11309,C1=CC2=C(C=C1C3=NC=CN=C3)C(=CN2)C4=C(N=C(C=C4)N)F,6.6
P11309,C1=CC=C(C=C1)C2=CC=C(C=C2)C3=C4N=C(C=CN4N=C3)NCCN,6.61
P11309,COCCN1CCC(CC1)CNC2=NC3=C(C=C2)N=NN3C4=CC(=CC=C4)OC(F)(F)F,6.62
P11309,C1=CC2=C(C=C1Br)C3=C(N2)C4=C(C=C3)C(=CN4)C=O,6.626666667
P11309,CN1CCN([C@H](C1)C2=CC=CC=C2)C(=O)C[C@H]3CNC(=O)C4=CC(=CN34)C5=CC(=CC=C5)F,6.63
P11309,C1=CC=C(C(=C1)C2=NC(=O)C3=C(N2)C4=C(O3)C=CC(=C4)O)Cl,6.63
P11309,C1=CC(=CC(=C1)Cl)NC2=C3C=CN=CC3=C4C=CC=C(C4=N2)C5=NN=CO5,6.64
P11309,CCO[C@@H]1[C@@H](C[C@@H](C[C@@H]1N)C2=C(C=NC=C2)NC(=O)C3=NC(=C(C=C3)F)C4=C(C=C(C=C4F)C)F)C,6.646666667
P11309,C1CC1CN2CCC(CC2)CNC3=NC4=C(C=C3)N=NN4C5=CC(=CC=C5)OC(F)(F)F,6.65
P11309,CCCNC1=NN2C(=NC=C2C3=CC(=CC=C3)OC(F)(F)F)C=C1,6.66
P11309,C1CN(CCN1)C(=O)COC2=C3C(=CC(=C2)Br)C=C(O3)C(=O)O,6.66
P11309,C1CNCCC1NC2=NC(=CN=C2)C3=CC4=C(C=C3)OC(=C4)C(=O)O,6.68
P11309,C1CCC(CC1)OC2=CC=CC(=N2)C3=CNC4=C3C=C(C=C4)C5=NN=C(S5)N,6.69
P11309,C[C@@H]1C[C@@H](C[C@@H]([C@@H]1N(C)C(=O)OC)N)C2=C(C=NC=C2)NC(=O)C3=NC(=C(C=C3)F)C4=C(C=CC=C4F)F,6.69
P11309,C1=CC=C(C(=C1)C2=NC(=O)C3=C(N2)C4=C(O3)C=C(C=C4)O)Cl,6.69
P11309,C1=CC=C(C=C1)CNC2=NC3=C(N2)C(=C(C(=C3Br)Br)Br)Br,6.7
P11309,C1=CC(=C(C2=C1C=CC(=N2)C(=O)NCC3=C(C=C(C=C3)O)O)O)C(=O)O,6.7
P11309,CN(C)C[C@@H]1CCN2C=C(C3=CC=CC=C32)C4=C(C5=CN(CCO1)C6=CC=CC=C65)C(=O)NC4=O,6.7
P11309,C1CCN(C1)C2=C3C=CN=CC3=C4C=CC=C(C4=N2)C5=NC=NN5,6.71
P11309,C1CN(CCN1)C2=CC=C(C=C2)C3=CNC4=C3C=C(C=C4)C5=CN=CC=C5,6.72
P11309,C1COCCC1CNC2=NC3=C(C=NN3C=C2)C4=CC(=CC=C4)Cl,6.73
P11309,C1CN(C[C@H]([C@@H]1O)N)C2=C(C=NC=C2)NC3=CC=CC4=CN=C(N=C43)C5=C(C=CC=C5F)F,6.74
P11309,CN(C)C(=O)[C@@H]1CC(CCN1)OC2=CC=CC3=C2N=C(C=C3)C4=NN=C5N4C=CC=C5,6.75
P11309,C1=CC(=C(C(=C1)F)C2=CNC3=C2C=C(C=C3)C4=NN=C(S4)N)F,6.75
P11309,CCOC1=CC=C(C=C1)/C=C\2/C(=O)NC(=O)S2,6.77
P11309,C1=CC=C2C(=C1)C3=C(N2)C4=C(C=C3)C(=CN4)C(=O)C(F)(F)F,6.77
P11309,C1=CC(=C(C=C1CNC2=NC3=C(N2)C(=C(C(=C3Br)Br)Br)Br)F)F,6.77
P11309,C1CN(CCC1=O)C2=NC3=C(C=NN3C=C2)C4=CC(=CC=C4)Cl,6.77
P11309,C1CN(CCN1)C2=CC=C(C=C2)C3=C4C=CC(=NC4=NN3)C5=CC(=NC=C5)N,6.77
P11309,C1=CC2=C(C=C1I)C(=CC3=CC(=C(C(=C3)Br)O)Br)C(N2)O,6.77
P11309,CC1=CC(=C(C=C1C2=C3C4=CC(=C(C=C4C=CN3C5=C2C6=CC(=C(C=C6OC5=O)O)OC)O)OC)O)OC,6.775
P11309,COC(=O)[C@@H]1C[C@@H](CN1)OC2=CC=CC3=C2N=C(C=C3)C4=NN=C5N4C=CC=C5,6.78
P11309,C1CNCCC12CCN(CC2)C3=NC4=C(C=C3)N=NN4C5=CC(=CC=C5)OC(F)(F)F,6.78
P11309,C1CNCCC1NC2=NC3=C(C=C2)N=NN3C4=CC(=CC=C4)OC(F)(F)F,6.785
P11309,C1CS(=O)(=O)CCC1CNC2=NC3=C(C=NN3C=C2)C4=CC(=CC=C4)Cl,6.79
P11309,C1=CC=C(C=C1)C2=NOC(=C2)C3=C4N=C(C=CN4N=C3)NCCN,6.79
P11309,C1CCCN(CC1)C2=NC3=C(C=C2)N=NN3C4=CC=C(C=C4)O,6.79
P11309,CCOC1=C(C=CC(=C1)/C=C\2/C(=O)NC(=O)S2)O,6.8
P11309,CC1=CC=CC(=C1)/C=C\2/C(=O)NC(=O)S2,6.8
P11309,C1CCN(C1)C2=CC=CC(=N2)C3=CNC4=C3C=C(C=C4)C5=NN=C(S5)N,6.8
P11309,CN1CCC(CC1)CNC2=NC3=C(C=C2)N=NN3C4=CC(=CC=C4)OC(F)(F)F,6.81
P11309,C[C@@H]1C[C@@H](C[C@@H]([C@@H]1N(C)C(=O)OC)N)C2=C(C=NC=C2)NC(=O)C3=NC(=C(C=C3)F)C4=C(C=C(C=C4F)C)F,6.813333333
P11309,CCCOC1=CC=C(C=C1)/C=C\2/C(=O)NC(=O)S2,6.82
P11309,C[C@@]12[C@](C[C@@H](O1)N3C4=CC=CC=C4C5=C6C(=C7C8=CC=CC=C8N2C7=C53)CNC6=O)(C(=O)OC)O,6.82
P11309,C1=CC2=NN=C(N2C=C1)C3=NC4=C(C=CC=C4OC5=CC=NC=C5)C=C3,6.82
P11309,C1[C@H](N2C=C(C=C2C(=O)N1)C3=CC(=NC=C3)F)CC(=O)N[C@H](CN)C4=CC=CC=C4,6.82
P11309,C1CNCCC1C(=O)NC2=C3C(=CC(=C2)Br)C=C(O3)C(=O)O,6.82
P11309,C1CC(C=C(C1)C2=C(C=NC=C2)NC3=CC=CC4=CN=C(N=C43)C5=C(C=CC=C5F)F)N,6.82
P11309,CN1C=C(C2=CC=CC=C21)C3=C(C(=O)NC3=O)C4=CN(C5=CC=CC=C54)CCCN(C)C,6.82
P11309,C1CS(=O)(=O)CCC1CNC2=NC3=C(C=NN3C=C2)C4=CC(=CC=C4)OC(F)(F)F,6.83
P11309,C1COCCC1CNC2=NC3=C(C=NN3C=C2)C4=CC(=CC=C4)C(F)(F)F,6.83
P11309,C1[C@@H](N2C=C(C=C2C(=O)N1)C3=CC(=CC=C3)F)CC(=O)N[C@@H](CC4=CC=CC=C4)CO,6.85
P11309,C1=CC2=C(C=C1C3=NN=C(S3)N)C(=CN2)C4=CN=CC(=N4)N,6.85
P11309,C1CN(CC1C(=O)O)CC2=NC(=O)C3=C(N2)C4=C(O3)C=CC(=C4)Br,6.85
P11309,CC(C)(CN)COC1=C2C(=C(C=C1)F)C=CC(=N2)C3=NN=C4N3C=CC=C4,6.86
P11309,CN1C(=C(C=N1)NC(=O)C2=NC(=CN=C2N)Cl)N3CCC[C@@H](C3)N,6.86
P11309,C1CCCC(CCC1)NC2=NC3=C(N2)C(=C(C(=C3Br)Br)Br)Br,6.86
P11309,C1=CC=C(C=C1)COC2=CC=CC(=C2)C3=C4N=C(C=CN4N=C3)NCCN,6.87
P11309,CCC(=C1C2=C(C=CC(=C2)Cl)NC1=O)C3=CC=C(O3)C4=CC(=CC=C4)C(=O)N5CCCN(CC5)C,6.88
P11309,CSC1=NC=C2CCC3=C(C2=N1)N(C=C3C(=O)N)CCO,6.88
P11309,C1C[C@H](NC1)COC2=CC=CC3=C2N=C(C=C3)C4=NN=C5N4C=CC=C5,6.88
P11309,C1C[C@@H](CN(C1)C2=NC3=C(C=NN3C=C2)C4=CC(=CC=C4)OC(F)(F)F)N,6.88
P11309,C1CNCCC1CNC2=NC3=C(C=C2)N=NN3C4=CC(=NC=C4)C(F)(F)F,6.88
P11309,C1C(N2C=C(C=C2C(=O)N1)C3=C(C=CC(=C3)Cl)F)CC(=O)NCC4=CC=CO4,6.88
P11309,C1=CC(=CC(=C1)F)/C=C\2/C(=O)NC(=O)S2,6.89
P11309,CO[C@H]1C[C@@H](CN(C1)C2=C(C=NC=C2)NC(=O)C3=CSC(=N3)C4=C(C=CC=C4F)F)N,6.89
P11309,C1=C(C(=O)NC(=O)N1)NC2=NC3=C(N2)C(=C(C(=C3Br)Br)Br)Br,6.89
P11309,C1CNCCC1CNC2=NN3C(=NC=C3C4=CC(=CC=C4)OC(F)(F)F)C=C2,6.9
P11309,CCN1C2=C(C(=C(C(=C2Br)Br)Br)Br)N=C1N3CCN(CC3)CCCN4CCOCC4,6.9
P11309,C1C(N2C=C(C=C2C(=O)N1)C3=CC(=C(C=C3)F)F)CC(=O)NCC4=CC=CO4,6.9
P11309,C1CCN(CC1)C2=NC(=CN=C2)C3=NNC4=C3C=C(C=C4)C5=C(C=CC=C5F)F,6.9
P11309,C1C2CN(CC2CN1)C3=NC4=C(C=C3)N=NN4C5=CC(=CC=C5)OC(F)(F)F,6.9
P11309,C[C@@H]1C[C@@H](C[C@@H]([C@@H]1N2C=NC=N2)N)C3=C(C=NC=C3)NC(=O)C4=NC(=C(C=C4)F)C5=C(C=CC=C5F)F,6.91
P11309,C1CCC(CC1)CNC(=O)CC2CNC(=O)C3=CC(=CN23)C4=CC=CC=C4F,6.91
P11309,C1CC1CNC2=NN3C(=NC=C3C4=CC=C(C=C4)C(=O)O)C=C2,6.92
P11309,COC1=CC2=C(C=C1)C3=C4C=NNC4=CC(=C3N=C2)[N+](=O)[O-],6.92
P11309,CCCCCNC1CCCCC1NC2=NC3=C(N2)C(=C(C(=C3Br)Br)Br)Br,6.93
P11309,C1CCN(CC1)CCN2CCN(CC2)C3=NC4=C(N3)C(=C(C(=C4Br)Br)Br)Br,6.93
P11309,COCCNC(=O)C1=CC=CC2=C3C=NC=CC3=C(N=C21)NC4=CC(=CC=C4)Cl,6.94
P11309,C1CS(=O)(=O)CCC1CNC2=NC3=C(C=NN3C=C2)C4=CC(=CC=C4)C(F)(F)F,6.95
P11309,C1CN(CCN1CCNC2=NC3=C(N2)C(=C(C(=C3Br)Br)Br)Br)C4=NC=CC=N4,6.96
P11309,C1CN(CCN1)C2=CC=C(C=C2)C3=C4C=CC(=NC4=NN3)C5=C6C=CNC6=CC=C5,6.96
P11309,C1CCC(CC1)NC2=CC=CC(=N2)C3=CNC4=C3C=C(C=C4)C5=NN=C(S5)N,6.96
P11309,C1CC1NC(=O)C2=CC=CC3=C4C=NC=CC4=C(N=C32)NC5=CC(=CC=C5)Cl,6.97
P11309,C1COCCN1CCNC2=NC3=C(N2)C(=C(C(=C3Br)Br)Br)Br,6.97
P11309,C1CNCC12CCN(CC2)C3=NC4=C(C=C3)N=NN4C5=CC(=CC=C5)OC(F)(F)F,6.97
P11309,C1=CC(=CC(=C1)CNC2=NC3=C(N2)C(=C(C(=C3Br)Br)Br)Br)CN,6.97
P11309,C1CN(CCN1)C2=NC3=C(N2CC4=CC=CC=C4)C(=C(C(=C3Br)Br)Br)Br,6.97
P11309,C1=CC=C2C(=C1)C3=C(N2CCCCN=[N+]=[N-])C4=C(C=C3)C(=CN4)C=O,6.98
P11309,C1C[C@@H](NC1)C2=NC(=O)C3=C(N2)C4=C(O3)C=CC(=C4)Br,6.98
P11309,COC1=CC2=C(C=C1)OC3=C2NC(=NC3=O)[C@@H]4C[C@H](CN4)F,6.99
P11309,C1CNCCN(C1)CC2=C(C=CC3=C2O/C(=C\C4=CNC5=CC=CC=C54)/C3=O)O,6.99
P11309,C1=CC=C2C(=C1)C3=C(N2)C4=C(C=C3)C(=CN4)C=O,6.995
P11309,C1=CC(=CC(=C1)Cl)NC2=C3C=CN=CC3=C4C=CC=C(C4=N2)C(=O)N,7
P11309,CC1=CC2=C(C=C1)OC3=C2NC(=NC3=O)C4=CC=CC=C4Cl,7
P11309,CC1(CC(CC(N1)(C)C)NC2=CC=CC3=C2N=C(C=C3)C4=NN=C5N4C=CC=C5)C,7.02
P11309,C1CCCN(CC1)C2=NN3C(=NN=C3C4=CC=C(C=C4)F)C=C2,7.02
P11309,CC(C)NC1=CC=CC(=N1)C2=CNC3=C2C=C(C=C3)C4=NN=C(S4)N,7.02
P11309,C1CN(CCN1CCCO)C2=NC3=C(N2)C(=C(C(=C3Br)Br)Br)Br,7.03
P11309,C1C[C@@H](CN(C1)C2=NC3=C(C=NN3C=C2)C4=CC(=CC=C4)Cl)N,7.03
P11309,C1CCC(CC1)CNC(=O)CC2CNC(=O)C3=CC(=CN23)C4=CC(=C(C=C4)F)F,7.03
P11309,C1=CC(=CC=C1C2=C3C=C(C=CC3=NO2)C4=NC(=NC=C4)N)Cl,7.04
P11309,COC1=C(C2=C(C=C1)C(=O)/C(=C/C3=CNC4=C3C=CN=C4)/O2)CN5CCNCC5,7.04
P11309,C1=CC(=CC=C1C2=C3C=C(C=CC3=NO2)C4=CN=CC(=N4)N)C(F)(F)F,7.04
P11309,C1=CC2=C(C(=C1)C3=NC=NN3)N=C(C4=C2SC=C4)NC5=CC=NC=C5,7.04
P11309,C[NH+]1CCCN(CC1)C2=NC(=CN=C2)C3=CC(=CC=C3)/C=C/C(=O)[O-],7.045
P11309,CC(=O)NC1=NC(=CS1)C(=O)NC2=CC=CC=C2N3CCCCC3,7.05
P11309,C1=CC(=CC(=C1)C(F)(F)F)/C=C\2/C(=O)NC(=O)S2,7.056
P11309,CNC1CCN(CC1)C2=NC3=C(C=C2)N=NN3C4=CC(=CC=C4)OC(F)(F)F,7.06
P11309,CC1=C(C2=C(N1CCO)C3=NC(=NC=C3C=C2)SC)C(=O)N,7.06
P11309,C1[C@@H](N2C=C(C=C2C(=O)N1)C3=CC(=CC=C3)F)CC(=O)N[C@H](CO)C4=CC=CC=C4,7.06
P11309,CN(CC1=CC=CC=C1)C2=NC3=C(N2)C(=C(C(=C3Br)Br)Br)Br,7.07
P11309,C1CCC(C1)OC2=CC=CC(=N2)C3=CNC4=C3C=C(C=C4)C5=NN=C(S5)N,7.07
P11309,C1CNCCC12CC(C2)CNC3=NC4=C(C=C3)N=NN4C5=CC=CC(=C5)C(F)(F)F,7.07
P11309,C1=CC=C2C=C(C=CC2=C1)C3=C4N=C(C=CN4N=C3)NCC5=CN=CC=C5,7.09
P11309,C1CNCCC12CC(C2)NC3=NC4=C(C=C3)N=NN4C5=CC(=CC=C5)OC(F)(F)F,7.095
P11309,C1=CC=C2C(=C1)N/C(=C(/C#N)\C3=NC(=NC=C3)NCCC4=CN=CC=C4)/S2,7.1
P11309,CC(C)N1CCC(CC1)CNC2=NN3C(=NC=C3C4=CC(=CC=C4)OC(F)(F)F)C=C2,7.1
P11309,C1=CC(=CC(=C1)Cl)NC2=C3C=CN=CC3=C4C=CC(=CC4=N2)C(=O)O,7.11
P11309,COC1=CC2=C(C=C1)OC3=C2NC(=NC3=O)[C@@H]4CCCN4,7.11
P11309,CN1CCN(CC1)CC2=NC(=O)C3=C(N2)C4=C(O3)C=CC(=C4)Cl,7.11
P11309,CC(C)N1CCC(CC1)CNC2=NC3=C(C=C2)N=NN3C4=CC(=CC=C4)OC(F)(F)F,7.11
P11309,CO[C@H]1CCN(C1)CC2=NC(=O)C3=C(N2)C4=C(O3)C=CC(=C4)Br,7.11
P11309,CC(=O)C1=CC=CC(=C1)C2=CN=C3N2N=C(C=C3)NCC4CC4,7.113333333
P11309,CN(C)CCN(CC1=CC=CC=C1)C2=NC3=C(N2CC4=CC=CC=C4)C(=C(C(=C3Br)Br)Br)Br,7.12
P11309,CN(C)CCCCN1C2=CC=CC=C2C3=C1C4=C(C=C3)C(=CN4)C=O,7.12
P11309,C[C@@H]1C[C@@H](C[C@@H]([C@@H]1O)N)C2=C(C=NC=C2)NC(=O)C3=NC(=C(C=C3)F)C4=C(C=CC=C4F)F,7.13
P11309,C1=CC(=CC(=C1)F)NC2=C3C=CN=CC3=C4C=CC=C(C4=N2)C5=NC=NN5,7.13
P11309,CSC1=NC=C2CCC3=C(C2=N1)N(C=C3C(=O)N)C4CCNCC4,7.13
P11309,C1CCN(C1)CCNC(=O)C2=CC=CC(=C2)C3=CC=C(O3)/C=C/4\C5=C(C=CC(=C5)F)NC4=O.Cl,7.13
P11309,C1CNCCC12CC(C2)NC3=NC4=C(C=C3)N=NN4C5=CC=CC(=C5)C(F)(F)F,7.135
P11309,C1[C@H](CN[C@@H]1C2=NC(=O)C3=C(N2)C4=C(O3)C=CC(=C4)Br)O,7.14
P11309,C1CCC(CC1)CNC(=O)CC2CNC(=O)C3=CC(=CN23)C4=CC(=CC=C4)F,7.14
P11309,CC(C1=NC(=O)C2=C(N1)C3=C(O2)C=CC(=C3)Br)N,7.14
P11309,C1=CC(=CC(=C1)OC(C(F)F)(F)F)/C=C\2/C(=O)NC(=O)S2,7.14
P11309,C1CC(CNC1)COC2=C3C(=CC(=C2)Br)C=C(O3)C(=O)O,7.15
P11309,C1CCC2C(C1)N=CN2C3=NC4=C(N3)C(=C(C(=C4Br)Br)Br)Br,7.15
P11309,C1=CC=C2C(=C1)C=NC3=C(C=C4C(=C23)C=NN4)[N+](=O)[O-],7.15
P11309,C1=CC=NC(=C1)CCNC2=NC3=C(N2)C(=C(C(=C3Br)Br)Br)Br,7.15
P11309,CN(C(=O)[C@@H]1CC(CCN1)OC2=CC=CC3=C2N=C(C=C3)C4=NN=C5N4C=CC=C5)OC,7.15
P11309,C1=CC=C(C(=C1)CN)CNC2=NC3=C(N2)C(=C(C(=C3Br)Br)Br)Br,7.16
P11309,C1=CC=C(C(=C1)NC2=NC3=C(C=CC=C3C(=O)O)C4=C2C=CS4)Cl,7.16
P11309,C1[C@@H](CN(C[C@H]1O)C2=C(C=NC=C2)NC(=O)C3=CSC(=N3)C4=C(C=CC=C4F)F)N,7.16
P11309,C1=CC(=CC=C1CNC2=NC3=C(C=C2)N=NN3C4=CC=C(C=C4)O)F,7.16
P11309,C1=CC(=CC(=C1)OC(F)(F)F)/C=C\2/C(=O)NC(=O)S2,7.17
P11309,C1CNCCC12CCN(C2)C3=NC4=C(C=C3)N=NN4C5=CC(=CC=C5)OC(F)(F)F,7.17
P11309,CN1CCCN(CC1)C(=O)C2=NC(=CN=C2)C3=CC=C(O3)/C=C/4\C5=C(C=CC(=C5)Cl)NC4=O,7.17
P11309,CCN1CCCC1CNC2=NC3=C(N2)C(=C(C(=C3Br)Br)Br)Br,7.17
P11309,C1=CC=C(C=C1)NC2=NC3=C(N2)C(=C(C(=C3Br)Br)Br)Br,7.17
P11309,C1=CC(=CC=C1N)NC2=NC3=C(N2)C(=C(C(=C3Br)Br)Br)Br,7.18
P11309,CN(C)CCCN(CC1=CC=CC=C1)C2=NC3=C(N2)C(=C(C(=C3Br)Br)Br)Br,7.18
P11309,CCC1=CC=CC2=C1NC3=C2C=CC4=C3NC=C4C=O,7.18
P11309,CCOC1=NC(=CN=C1)C2=CNC3=C2C=C(C=C3)C4=NN=C(S4)N,7.19
P11309,C1CNCCC1CNC2=NC3=C(N2)C(=C(C(=C3Br)Br)Br)Br,7.19
P11309,C1=CC=C(C=C1)C2=NN=C3N2N=C(C=C3)NCCC4=CC=C(C=C4)S(=O)(=O)N,7.19
P11309,C1=CC2=C(C(=C1)C3=NC=NN3)N=C(C4=C2SC=C4)NC5=C(C=C(C=C5)OC(F)(F)F)Cl,7.19
P11309,CCN1C2=C(C(=C(C(=C2Br)Br)Br)Br)N=C1N3CCN(CC3)CCN4CCNCC4,7.19
P11309,C1[C@H](CN[C@@H]1C2=NC(=O)C3=C(N2)C4=C(O3)C=CC(=C4)Cl)F,7.19
P11309,C[C@@H]1C[C@@H](C[C@@H]([C@@H]1N=[N+]=[N-])N)C2=C(C=NC=C2)NC(=O)C3=NC(=C(C=C3)F)C4=C(C=CC=C4F)F,7.2
P11309,CN(C)CCN(CC1=CC=CC=C1)C2=NC3=C(N2)C(=C(C(=C3Br)Br)Br)Br,7.2
P11309,C1=CC2=NN=C(N2C=C1)C3=NC4=C(C=CC=C4OCC5=CN=CC=C5)C=C3,7.2
P11309,CC1=NC=CN1CC2CCCN(C2)C3=NC4=C(N3)C(=C(C(=C4Br)Br)Br)Br,7.21
P11309,COC1=CC2=C(C=C1)OC3=C2NC(=NC3=O)C4=CC=CC=C4Cl,7.21
P11309,CN(C)C1CCN(C1)C2=CC=CC=C2/C=C\3/C(=O)NC(=O)S3,7.21
P11309,C[C@@H]1C[C@@H](C[C@@H](C12OCCO2)N)C3=C(C=NC=C3)NC(=O)C4=NC(=C(C=C4)F)C5=C(C=CC=C5F)F,7.213333333
P11309,C1CNCCC1COC2=C3C(=CC(=C2)Br)C=C(O3)C(=O)O,7.22
P11309,CN1C2=C(C=CC(=C2Cl)Cl)C3=C1C(=O)NC4(C3C#N)CCNCC4,7.22
P11309,C[C@@H]1C[C@@H](C[C@@H]([C@@H]1OCCC#N)N)C2=C(C=NC=C2)NC(=O)C3=C(SC(=N3)C4=C(C=CC=C4F)F)N,7.22
P11309,CC1=CC=C(C=C1)/C=C\2/C(=O)NC(=O)S2,7.22
P11309,C[C@H]1C[C@H](C[C@H]([C@@H]1OCCC(=O)O)N)C2=C(C=NC=C2)NC(=O)C3=NC(=C(C=C3)F)C4=C(C=CC=C4F)F,7.22
P11309,C1CNCCC1C2CCN(CC2)C3=NC4=C(N3)C(=C(C(=C4Br)Br)Br)Br,7.24
P11309,C1COCCC1NC2=NN3C(=NC=C3C4=CC(=CC=C4)OC(F)(F)F)C=C2,7.24
P11309,CC(=C1C2=C(C=CC(=C2)Cl)NC1=O)C3=CC=C(O3)C4=CC(=CC=C4)C(=O)N5CCCN(CC5)C,7.24
P11309,C1CCC(CC1)C2=NC(=CS2)C(=O)NC3=C(C=CN=C3)N4CCC[C@@H](C4)N,7.24
P11309,C1CCN(C1)CCNC2=NC3=C(N2)C(=C(C(=C3Br)Br)Br)Br,7.24
P11309,CCO[C@@H]1C[C@@H](CN(C1)C2=C(C=NC=C2)NC(=O)C3=CSC(=N3)C4=C(C=CC=C4F)F)N,7.25
P11309,C1C[C@@H](CN(C1)C2=C(C=NC=C2)NC3=CC=CC4=CN=C(N=C43)C5=CC(=CC=C5)C6=NC=CS6)N,7.25
P11309,CNC(=O)C1=CC=CC2=C3C=NC=CC3=C(N=C21)NC4=CC(=CC=C4)Cl,7.26
P11309,C1CNCC(C1OC2=CC=CC3=C2N=C(C=C3)C4=NN=C5N4C=C(C=C5)F)F,7.26
P11309,COC1=C(C=C(C=C1)C2=C3C4=CC(=C(C=C4C=CN3C5=C2C6=CC(=C(C=C6OC5=O)O)OC)O)OC)O,7.26
P11309,C1CNCCC1CC(=O)NC2=C3C(=CC(=C2)Br)C=C(O3)C(=O)O,7.26
P11309,C1CNCCC12CC(C2)CNC3=NC4=C(C=C3)N=NN4C5=CC(=CC=C5)OC(F)(F)F,7.265
P11309,C[C@H]1C[C@H](C[C@H]([C@@H]1NS(=O)(=O)C)N)C2=C(C=NC=C2)NC(=O)C3=NC(=C(C=C3)F)C4=C(C=CC=C4F)F,7.27
P11309,C1=CC=C2C(=C1)/C(=C/C3=C(NN=C3)C4=CC=CC=C4[N+](=O)[O-])/C(=O)N2,7.27
P11309,C[C@H]1C[C@H](C[C@H]([C@H]1S(=O)(=O)C)N)C2=C(C=NC=C2)NC(=O)C3=NC(=NC=C3)C4=C(C=CC=C4F)F,7.28
P11309,C1[C@H](CN(C[C@H]1N)C2=C(C=NC=C2)NC3=CC=CC4=CN=C(N=C43)C5=C(C=CC=C5F)F)CF,7.28
P11309,COC1=C(C2=C(C=C1)C(=O)/C(=C/C3=CNC4=C3C=NC=C4)/O2)CN5CCNCC5,7.28
P11309,C1=CC2=C3C=NC=CC3=C(N=C2C(=C1)C4=NC=NN4)NCCO,7.28
P11309,C1CCN(CC1)CCCNC2=NC3=C(N2)C(=C(C(=C3Br)Br)Br)Br,7.29
P11309,CN(C)CCN1CCC(C1)CNC2=NC3=C(N2)C(=C(C(=C3Br)Br)Br)Br,7.29
P11309,C1CNCCC1CCOC2=C3C(=CC(=C2)Br)C=C(O3)C(=O)O,7.29
P11309,C1=CC(=C2C(=C1NCCNCCO)C(=O)C3=C(C=CC(=C3C2=O)O)O)NCCNCCO.Cl.Cl,7.29
P11309,CN1CCCN(CC1)C2=CC=CC(=N2)C3=CC(=CC=C3)/C=C/C(=O)O,7.3
P11309,C1=CC=C(C=C1)C2=C(C(=O)NC(=C2)C3=CC=CC=C3O)C#N,7.3
P11309,CN1CCN(CC1)C2=NC3=CC=CC=C3C(=N2)C4=C(C(=O)NC4=O)C5=CNC6=CC=CC=C65,7.3
P11309,C1COCCC1NC2=NN3C(=NC=C3C4=CC(=CC=C4)Cl)C=C2,7.3
P11309,C1=CC=C(C=C1)C2=C(C(=O)NC(=C2)C3=C(C=CC(=C3)Br)O)C#N,7.3
P11309,C1CNCCC1CNC2=C(C=C3C(=N2)N(N=N3)C4=CC(=CC=C4)OC(F)(F)F)Cl,7.3
P11309,CCOC1=CC=CC(=N1)C2=CNC3=C2C=C(C=C3)C4=NN=C(S4)N,7.31
P11309,C1=C(C(=CC(=C1F)F)NC2=NC3=C(N2)C(=C(C(=C3Br)Br)Br)Br)N,7.31
P11309,CC1=C(C=CC=C1NC2=NC3=C(N2)C(=C(C(=C3Br)Br)Br)Br)C4=NN=CN4C,7.31
P11309,C1CNC[C@H]1OC2=C(C=NC=C2)NC3=C4C(=CC=C3)SC(=N4)C5=C(C=CC=C5F)F,7.31
P11309,C1COCCN1C2=CC=CC(=N2)C3=CNC4=C3C=C(C=C4)C5=NN=C(S5)N,7.31
P11309,CN1CCC(CC1)N(C)CC(C2=CC=CC=C2)NC3=NC4=C(N3)C(=C(C(=C4Br)Br)Br)Br,7.32
P11309,CN(C)CCCN1C=C(C2=CC=CC=C21)C3=C(C(=O)NC3=O)C4=CNC5=CC=CC=C54,7.32
P11309,C1=CC=NC(=C1)NC2=NC3=C(N2)C(=C(C(=C3Br)Br)Br)Br,7.33
P11309,C1=CC=C2C(=C1)C3=C(N2CCCCC#N)C4=C(C=C3)C(=CN4)C=O,7.34
P11309,CN1CCN(CC1)C2CCN(CC2)C3=NC4=C(N3)C(=C(C(=C4Br)Br)Br)Br,7.34
P11309,C1[C@H](CN[C@@H]1C2=NC(=O)C3=C(N2)C4=C(O3)C=CC(=C4)Br)F,7.34
P11309,C1COCCN1CCCNC2=NC3=C(N2)C(=C(C(=C3Br)Br)Br)Br,7.34
P11309,CNCCCN(CC1=CC=CC=C1)C2=NC3=C(N2)C(=C(C(=C3Br)Br)Br)Br,7.34
P11309,C1=CC2=C3C=NC=CC3=C(N=C2C(=C1)C4=NC=NN4)NC5=C(C=C(C=C5)OC(F)(F)F)Cl,7.35
P11309,CCOC1=NC(=CN=C1)C2=CC3=C(C=C2)NC=C3C4=NC(=NC=C4)N,7.35
P11309,C1CCN(C1)CCNC(=O)C2=CC=CC(=C2)C3=CC=C(O3)/C=C/4\C5=C(C(=CC=C5)Cl)NC4=O,7.35
P11309,CN1CCC(CC1)CNC2=NC3=C(C=NN3C=C2)C4=CC(=CC=C4)OC(F)(F)F,7.35
P11309,C1CCC(C1)OC2=NC(=CN=C2)C3=CNC4=C3C=C(C=C4)C5=NN=C(S5)N,7.355
P11309,CN(C)CC(CNC1=NC2=C(N1)C(=C(C(=C2Br)Br)Br)Br)C(C3=CC=CC=C3)O,7.36
P11309,C1CN(CCC1O)C2=NC(=CN=C2)C3=NNC4=C3C=C(C=C4)C5=C(C=CC=C5F)F,7.36
P11309,C1CCN(C1)CCNC(=O)C2=CC=CC(=C2)C3=CC=C(O3)/C=C/4\C5=CC=CC=C5NC4=O,7.37
P11309,C1COCCN1C2=CC(=O)C3=C(O2)C(=CS3)C4=CC5=C(C=C4)OCCO5,7.37
P11309,C1CN(CCN1)CC2=C(C=CC3=C2O/C(=C\C4=CNC5=CC=CC=C54)/C3=O)OCC6=CC=CC=C6,7.37
P11309,C[C@@H]1C[C@@H](C[C@H]([C@H]1O)N)C2=C(C=NC=C2)NC(=O)C3=NC(=C(C=C3)F)C4=C(C=CC=C4F)F,7.38
P11309,C1CN2C=C(C3=C2C4=C(C=C3)C5=CC=CC=C5N4C1)C=O,7.38
P11309,C1C[C@H](NC1)C2=NC(=O)C3=C(N2)C4=C(O3)C=CC(=C4)Cl,7.38
P11309,CN1CCN(CC1)C2=NC3=C(N2)C(=C(C(=C3Br)Br)Br)Br,7.38
P11309,C1CCN(C1)C2=NC(=CN=C2)C3=CNC4=C3C=C(C=C4)C5=NN=C(S5)N,7.38
P11309,CC(C)NC1CCCCC1NC2=NC3=C(N2)C(=C(C(=C3Br)Br)Br)Br,7.39
P11309,COC1=CC=CC=C1NC2=C3C=CN=CC3=C4C=CC=C(C4=N2)C5=NC=NN5,7.39
P11309,C1C(N2C=C(C=C2C(=O)N1)C3=CC(=CC=C3)Cl)CC(=O)NCC4=CC=CO4,7.39
P11309,C[C@H]1C[C@H](C[C@H](C1)N)C2=C(C=NC=C2)NC(=O)C3=CSC(=N3)C4CCCCC4,7.39
P11309,C1=CC=C(C(=C1)NC2=C3C=CN=CC3=C4C=CC=C(C4=N2)C(=O)N)F,7.39
P11309,CC(C)C1=CC=C(C=C1)/C=C\2/C(=O)NC(=O)S2,7.4
P11309,C1CNCCC1CCNC2=C3C(=CC(=C2)Br)C=C(O3)C(=O)O,7.4
P11309,CCC(CO)NC1=NN2C(=NC=C2C3=CC(=C(C=C3)F)Cl)C=C1,7.4
P11309,C1=CC(=CC=C1/C=C\2/C(=O)NC(=O)S2)Cl,7.4
P11309,C1CN(C2=CC=CC=C2N1)C3=NC4=C(N3)C(=C(C(=C4Br)Br)Br)Br,7.4
P11309,CN(C)C1CCCN(C1)C2=NC3=C(N2)C(=C(C(=C3Br)Br)Br)Br,7.41
P11309,CN1C(=C(C=N1)NC(=O)C2=NC(=CN=C2N)Br)N3CCC[C@@H](C3)N,7.41
P11309,C1CCC(C1)NC2=C3C=CN=CC3=C4C=CC=C(C4=N2)C5=NC=NN5,7.41
P11309,C1CN(C[C@H]([C@H]1O)N)C2=C(C=NC=C2)NC3=CC=CC4=CN=C(N=C43)C5=C(C=CC=C5F)F,7.41
P11309,C1CC(CNC1)C2=NC(=O)C3=C(N2)C4=C(O3)C=CC(=C4)Br,7.41
P11309,C1=CC=C(C(=C1)NC2=NC3=C(C=CC=C3N4C2=CN=C4)C5=NC=NN5)F,7.42
P11309,CN1CCC(CC1)CNC2=NN3C(=NC=C3C4=CC(=CC=C4)OC(F)(F)F)C=C2.OS(=O)(=O)O,7.425
P11309,CN(C)CCN1CCN(CC1)C2=NC3=C(N2)C(=C(C(=C3Br)Br)Br)Br,7.43
P11309,C1=CN=CC=C1NC2=NC3=C(N2)C(=C(C(=C3Br)Br)Br)Br,7.43
P11309,C1CCC(C1)NC2=CC=CC(=N2)C3=CNC4=C3C=C(C=C4)C5=NN=C(S5)N,7.435
P11309,C1CN(C[C@H]1N)C2=CC=CC=C2/C=C\3/C(=O)NC(=O)S3,7.44
P11309,C1COCCN1C2=NC3=C(C=CC=C3C4=NC=NN4)C5=C2C=CS5,7.46
P11309,CCN1CCC(CC1)CNC2=NC3=C(C=C2)N=NN3C4=CC(=CC=C4)OC(F)(F)F,7.46
P11309,CCN(CC)CCCOC1=NC(=CN=C1)C2=CC3=C(C=C2)NC=C3C4=NC(=NC=C4)N,7.46
P11309,C1=CC(=C(C(=C1)Cl)C2=NC(=O)C3=C(N2)C4=C(O3)C=CC(=C4)Br)F,7.46
P11309,C[C@H]1C[C@H](C[C@H]([C@@H]1O)N)C2=C(C=NC=C2)NC(=O)C3=NC(=C(C=C3)F)C4=C(C(=CC=C4)C(F)(F)F)F,7.47
P11309,C1=CC2=NN=C(N2C=C1)C3=NC4=C(C=CC=C4OCC(CO)O)C=C3,7.47
P11309,C1CNCCC1OC2=C(C=NC=C2)NCC3=CC=CC(=N3)C4=CC=CC=C4F,7.47
P11309,C1=CC(=CC(=C1)/C=C/C(=O)O)C2=CN=CC(=N2)NCCCCN,7.48
P11309,C1CCC(CC1)CNC(=O)CC2CNC(=O)C3=CC(=CN23)C4=NC(=NC=C4)Cl,7.48
P11309,C[C@@H]1C[C@@H](C[C@@H]([C@@H]1OC2=CC=CC=N2)N)C3=C(C=NC=C3)NC(=O)C4=NC(=C(C=C4)F)C5=C(C=CC=C5F)F,7.486666667
P11309,C1CN2CCC1N(CC2)C3=NC4=C(N3)C(=C(C(=C4Br)Br)Br)Br,7.49
P11309,CC(C)(C)OC(=O)NCCCNC1=CC=CC2=C1N=C(C=C2)C3=NN=C4N3C=CC=C4,7.49
P11309,C1CCN(CC1)CC2=NC(=O)C3=C(N2)C4=C(O3)C=CC(=C4)Br,7.49
P11309,C[C@@H]1C[C@@H](C[C@@H]([C@@H]1OC)N)C2=C(C=NC=C2)NC(=O)C3=NC(=C(C=C3)F)C4=C(C=C(C=C4F)C)F,7.506666667
P11309,C1=CC2=C(C(=C1)Br)NC3=C2C=CC4=C3NC=C4C=O,7.51
P11309,C1C[C@H](NC1)C2=NC(=O)C3=C(N2)C4=C(O3)C=CC(=C4)Br,7.51
P11309,C1CNC[C@H](C1OC2=CC=CC3=C2N=C(C=C3)C4=NN=C5N4C=CC(=C5)Cl)F,7.51
P11309,C1CNCCN(C1)C2=NC3=C(N2)C(=C(C(=C3Br)Br)Br)Br,7.52
P11309,COC(=O)C1=CC=CC2=C1NC3=C2C=CC4=C3NC=C4C=O,7.52
P11309,C1CNC[C@H]1OC2=CC=CC3=C2N=C(C=C3)C4=NN=C5N4C=CC=C5,7.52
P11309,CN1CCN(CC1)C[C@H](C2CCCCC2)NC(=O)C[C@H]3CNC(=O)C4=CC(=CN34)C5=CC(=CC=C5)Cl,7.52
P11309,C1C[C@H](CN(C1)C2=CC=CC=C2/C=C\3/C(=O)NC(=O)S3)N,7.525
P11309,C1COCCN1C2=NC3=C(N2)C(=C(C(=C3Br)Br)Br)Br,7.53
P11309,C1C[C@@H](CN(C1)C2=C(C=NC=C2)NC3=CC=CC4=CN=C(N=C43)C5=CC=CC=C5F)N,7.54
P11309,CN(C1=CC=CC=C1)C2=NC3=C(N2)C(=C(C(=C3Br)Br)Br)Br,7.54
P11309,C1COCCN1C2=NC(=CN=C2)C3=CNC4=C3C=C(C=C4)C5=NN=C(S5)N,7.545
P11309,C1CNC[C@@H]1OC2=C(C=NC=C2)NC(=O)C3=CSC(=N3)C4=C(C=CC=C4F)F,7.55
P11309,C1=CC2=C3C=NC=CC3=C(N=C2C(=C1)C4=NC=NN4)NC5=CC=C(C=C5)Cl,7.55
P11309,C1CN(CCN1)C2=CC=CC=C2/C=C\3/C(=O)NC(=O)S3,7.55
P11309,C1=CC=C(C(=C1)C2=NC(=O)C3=C(N2)C4=C(O3)C=CC(=C4)Cl)Cl,7.55
P11309,C#CC1=CC(=CC=C1)NC2=C3C=CN=CC3=C4C=CC=C(C4=N2)C5=NC=NN5,7.55
P11309,C[C@@H]1C[C@@H](C[C@@H]([C@@H]1OCCC#N)N)C2=C(C=NC=C2)NC(=O)C3=NC(=C(C=C3)F)C4=C(C=CC=C4F)F,7.56
P11309,CC(C)OC1=CC=CC(=N1)C2=CNC3=C2C=C(C=C3)C4=NN=C(S4)N,7.56
P11309,C1=CC2=NN=C(N2C=C1)C3=NC4=C(C=CC=C4OCC5=CC=NC=C5)C=C3,7.57
P11309,CC(C)OC1=NC(=CN=C1)C2=CNC3=C2C=C(C=C3)C4=NN=C(S4)N,7.57
P11309,C1=CC=C(C=C1)NC2=NC3=C(C=CC=C3C4=NC=NN4)C5=CSC=C52,7.57
P11309,CN1CCN(CC1)CC2=NC(=O)C3=C(N2)C4=C(O3)C=CC(=C4)Br,7.57
P11309,C1=CC(=CC(=C1)Cl)NC2=C3C=CN=CC3=C4C=CC=C(C4=N2)C5=NC=NN5,7.57
P11309,CN(C)C1=CC=CC(=C1)N2C3=C(C=CC(=N3)NCC4CCNCC4)N=N2,7.575
P11309,CCN(CC)CCOC1=NC(=CN=C1)C2=CC3=C(C=C2)NC=C3C4=NC(=NC=C4)N,7.59
P11309,C1CNCC(C1OC2=CC=CC3=C2N=C(C=C3)C4=NN=C5N4C=CC(=C5)F)F,7.59
P11309,CN1CCN(CC1)C[C@H](C2CCCCC2)NC(=O)C[C@H]3CNC(=O)C4=CC(=CN34)C5=CC(=C(C=C5)F)F,7.59
P11309,CS(=O)(=O)C1=CC(=C(C=C1)NC2=C3C=CN=CC3=C4C=CC=C(C4=N2)C5=NC=NN5)Cl,7.59
P11309,C1=CC2=C3C=NC=CC3=C(N=C2C(=C1)C4=NC=NN4)NC5=C(C=C(C=C5)F)Cl,7.59
P11309,C1CCN(C1)CCCNC2=NC3=C(N2)C(=C(C(=C3Br)Br)Br)Br,7.59
P11309,C1CCN(C1)[C@H]2COC[C@@H]2NC3=NC4=C(N3)C(=C(C(=C4Br)Br)Br)Br,7.59
P11309,C1=CC(=CC(=C1)OC(F)(F)F)C2=CN=C3N2N=C(C=C3)NCCC4=CN=CC=C4,7.6
P11309,C1CC12CCNC[C@H]2OC3=NC(=CN=C3)C4=NNC5=C4C=C(C=C5)C6=C(C=CC=C6F)F,7.6
P11309,C1CC(C1)NC2=C3C=CN=CC3=C4C=CC=C(C4=N2)C5=NC=NN5,7.6
P11309,C1C(CN1)NC2=NC3=C(C=NN3C=C2)C4=CC5=CC=CC=C5C=C4,7.6
P11309,C1=CC(=CC(=C1)C(=O)NCCCO)C2=CC=C(O2)/C=C/3\C4=C(C=CC(=C4)Cl)NC3=O,7.6
P11309,C1=CC2=C3C=NC=CC3=C(N=C2C(=C1)C(=O)N)NC4=C(C=CC=C4F)F,7.6
P11309,C[C@H]1C[C@H](C[C@H]([C@H]1S(=O)(=O)C)N)C2=C(C=NC=C2)NC(=O)C3=CSC(=N3)C4=C(C=CC=C4F)F,7.616666667
P11309,CN1CCN(CC1)CC2=NC(=O)C3=C(N2)C4=C(O3)C=CC(=C4)I,7.62
P11309,C1=CC(=C(C=C1F)Cl)C2=NC(=O)C3=C(N2)C4=C(O3)C=CC(=C4)Br,7.62
P11309,CNC(=O)C1=CC=CC2=C3C=NC=CC3=C(N=C21)NC4=CC=CC=C4F,7.62
P11309,CC(C)(CN)CN1C=C(C2=C1C3=NC(=NC=C3C=C2)SC)C(=O)N,7.62
P11309,COC1=CC=CC(=C1)NC2=C3C=CN=CC3=C4C=CC=C(C4=N2)C5=NC=NN5,7.64
P11309,C1=CN(C=N1)CCCNC2=NC3=C(N2)C(=C(C(=C3Br)Br)Br)Br,7.64
P11309,C1=CC=C(C(=C1)C2=NC(=O)C3=C(N2)C4=C(O3)C=CC(=C4)C(F)(F)F)Cl,7.64
P11309,C1CNC[C@@H]1OC2=CC=CC3=C2N=C(C=C3)C4=NN=C5N4C=CC=C5,7.64
P11309,C1CNC[C@H]1NC2=CC=CC3=C2N=C(C=C3)C4=NN=C5N4C=CC=C5,7.66
P11309,C1CCN(CC1)[C@H]2COC[C@@H]2NC3=NC4=C(N3)C(=C(C(=C4Br)Br)Br)Br,7.66
P11309,C1CNCCC1C2=NC(=O)C3=C(N2)C4=C(O3)C=CC(=C4)Br,7.66
P11309,CN1C(=C(C=N1)NC(=O)C2=NC(=CN=C2)C3=CC=CC=C3F)N4CCC[C@@H](CC4)N,7.66
P11309,C[C@@H]1CN(C[C@@H]([C@H]1O)N)C2=C(C=NC=C2)NC(=O)C3=NC(=C(C=C3)F)C4=C(C=CC=C4F)F,7.666666667
P11309,C1C[C@@H](CN(C1)C2=C(C=NC=C2)NC3=CC=CC4=CN=C(N=C43)C5=C(C=CC=C5F)F)N,7.68
P11309,C1CCN(C1)CCNC(=O)C2=CC=CC(=C2)C3=CC=C(O3)/C=C/4\C5=C(C=CC(=C5)Cl)NC4=O,7.68
P11309,C1CN(CCN1)C2=C3C=C(C=CC3=NC=C2)C4=CSC(=N4)C5=C(C=CC=C5F)F,7.68
P11309,CN1CCCN(CC1)C(=O)C2=CC(=C(C=C2)Cl)C3=CC=C(O3)/C=C/4\C5=C(C=CC(=C5)Cl)NC4=O,7.68
P11309,CN(C1=CC=CC=C1Cl)C2=C3C=CN=CC3=C4C=CC=C(C4=N2)C5=NC=NN5,7.68
P11309,C1=CC(=CC=C1C2=CNC3=C2C(=NC=N3)NCCO)C(=O)N,7.68
P11309,CO[C@@H]1C[C@@H](CN(C1)C2=C(C=NC=C2)NC(=O)C3=CSC(=N3)C4=C(C=CC=C4F)F)N,7.68
P11309,CC(C)CNC(=O)C1=CC=CC2=C3C=NC=CC3=C(N=C21)NC4=CC=CC=C4Cl,7.68
P11309,C[C@@H]1C[C@@H](C[C@@H]([C@@H]1C#N)N)C2=C(C=NC=C2)NC(=O)C3=NC(=C(C=C3)F)C4=C(C=CC=C4F)F,7.69
P11309,C[C@H]1C[C@H](C[C@H]([C@@H]1OS(=O)(=O)C)N)C2=C(C=NC=C2)NC(=O)C3=NC(=C(C=C3)F)C4=C(C=CC=C4F)F,7.69
P11309,CN(C)CCOC1=NC(=CN=C1)C2=CC3=C(C=C2)NC=C3C4=NC(=NC=C4)N,7.69
P11309,CCN1C(=C(C=N1)NC(=O)C2=C(SC(=N2)C3=CC=CC=C3F)N)N4CCC[C@H](CC4)N,7.7
P11309,C1CNCCC1CNC2=C3C(=CC(=C2)Br)C=C(O3)C(=O)O,7.7
P11309,C1=CC2=C(C=C(O2)C(=O)O)C3=CC4=C(C=C31)C5=C(C=C4)OC(=C5)C(=O)O,7.7
P11309,C1CN(CCN1)CC2=CC=CC3=C2O/C(=C\C4=CNC5=CC=CC=C54)/C3=O,7.7
P11309,C1=CC=C(C=C1)NC2=C3C=CN=CC3=C4C=CC=C(C4=N2)C5=NC=NN5,7.715
P11309,C1CC(CC(C1)NC2=NC3=C(N2)C(=C(C(=C3Br)Br)Br)Br)N,7.72
P11309,CN(C)CCCOC1=NC(=CN=C1)C2=CC3=C(C=C2)NC=C3C4=NC(=NC=C4)N,7.73
P11309,CN1CCCC(C1)CC2=NC(=O)C3=C(N2)C4=C(O3)C=CC(=C4)Br,7.74
P11309,C[C@@H]1C[C@@H](CN(C1)C2=C(C=NC=C2)NC3=CC=CC4=CN=C(N=C43)C5=C(C=CC=C5F)F)N,7.74
P11309,CN(C)CCCNC1=NC(=CN=C1)C2=CC3=C(C=C2)NC=C3C4=NC(=NC=C4)N,7.74
P11309,C1CN(CCN1)C2=C(C=CC=C2Cl)/C=C\3/C(=O)NC(=O)S3,7.74
P11309,C1=CC2=C(C(=C1)C(F)(F)F)NC3=C2C=CC4=C3NC=C4C=O,7.74
P11309,C1C(CN1)C2=NC(=O)C3=C(N2)C4=C(O3)C=CC(=C4)Br,7.74
P11309,C1=CC2=C3C=NC=CC3=C(N=C2C(=C1)C4=NC=NN4)NC5=CC=C(C=C5)F,7.74
P11309,CCN1CCC(CC1)CNC2=NN3C(=NC=C3C4=CC(=CC=C4)OC(F)(F)F)C=C2,7.74
P11309,C1CNCC(C1OC2=CC=CC3=C2N=C(C=C3)C4=NN=C5N4C=CC=C5)F,7.75
P11309,CCN(CC)CCCNC1=NC(=CN=C1)C2=CC3=C(C=C2)NC=C3C4=NC(=NC=C4)N,7.76
P11309,C1CN(CCN1)C2=NC3=C(N2)C(=C(C(=C3Br)Br)Br)Br,7.77
P11309,C1=CC2=C(C(=C1)C3=NC=NN3)N=C(C4=C2SC=C4)NC5=CN=CC=C5,7.77
P11309,C1=CC2=C(C(=C1)C3=NC=NN3)N=C(C4=C2SC=C4)NC5=CC=C(C=C5)C(=O)N,7.77
P11309,C1=CC=C2C(=C1)C=C(C=N2)C3=NNC4=C3C=C(C=C4)C5=CN=C(S5)N,7.77
P11309,C1CNCCC1(COC2=CC=CC3=C2N=C(C=C3)C4=NN=C5N4C=C(C=C5)Br)F,7.77
P11309,C1CN(CCN1)CC2=C(C=CC3=C2O/C(=C\C4=CNC5=CC=CC=C54)/C3=O)O,7.77
P11309,C1=CC=C(C(=C1)C2=NC(=O)C3=C(N2)C4=C(O3)C=CC(=C4)Br)Cl,7.77
P11309,C[C@H]1C[C@H](C[C@H]([C@@H]1O)N)C2=C(C=NC=C2)NC(=O)C3=NC(=C(C=C3)F)C4CCCCC4,7.773333333
P11309,C[C@H]1C[C@H](C[C@H]([C@H]1NS(=O)(=O)C)N)C2=C(C=NC=C2)NC(=O)C3=NC(=C(C=C3)F)C4=C(C=CC=C4F)F,7.773333333
P11309,C1C[C@H](C[C@H](C1)N)C2=C(C=NC=C2)NC(=O)C3=CC=CC(=N3)C4=CC(=CC(=C4F)F)F,7.773333333
P11309,CCCOC1=CC(=C(C=C1)F)C2=NC(=CC=C2)C(=O)NC3=C(C=CN=C3)[C@@H]4CC[C@@H]([C@@H](C4)N)O,7.78
P11309,C1CNCCC1CNC2=NC3=C(C=C2)N=NN3C4=CC(=CC=C4)OC(F)(F)F,7.785
P11309,C[C@H]1C[C@H](C[C@H]([C@H]1OC)N)C2=C(C=NC=C2)NC(=O)C3=NC(=NC=C3)C4=C(C=CC=C4F)F,7.786666667
P11309,C1=CC=C(C(=C1)N)NC2=NC3=C(N2)C(=C(C(=C3Br)Br)Br)Br,7.79
P11309,C1CN(CCC1(COC2=CC=CC3=C2N=C(C=C3)C4=NN=C5N4C=CC=C5)O)CC6=CC=CC=C6,7.8
P11309,C1=CC=C(C(=C1)NC2=C3C=CN=CC3=C4C=CC=C(C4=N2)C(=O)N)Cl,7.8
P11309,C1CCNC(C1)CCOC2=CC=CC3=C2N=C(C=C3)C4=NN=C5N4C=CC=C5,7.8
P11309,C1=CC=C(C=C1)NC2=C3C(=C4C=CC=C(C4=N2)C5=NC=NN5)C=CS3,7.8
P11309,CN(C)CCOC1=CC=C(C=C1)NC2=NC3=C(C=CC=C3C4=NC=NN4)C5=C2C=CS5,7.8
P11309,CC(C)N1C=C(C2=C1C3=NC(=NC=C3CC2)SC)C(=O)N,7.8
P11309,CC(C)CCN(CCCN)C1=CC=CC2=C1N=C(C=C2)C3=NN=C4N3C=CC=C4,7.8
P11309,C1CCC(CC1)[C@@H](CO)NC(=O)C[C@H]2CNC(=O)C3=CC(=CN23)C4=CC(=CC=C4)F,7.8
P11309,C1=CC(=CC(=C1)NC2=NC3=C(C=CC=C3C4=NC=NN4)C5=C2C=CS5)C(F)(F)F,7.8
P11309,CN1C=C(C=N1)NC(=O)C2=C(SC(=N2)C3=C(C=CC=C3F)F)N,7.8
P11309,C1CC(CCC1NC2=NC3=C(N2)C(=C(C(=C3Br)Br)Br)Br)O,7.8
P11309,CC(C)NC(=O)C1=CC=CC2=C3C=NC=CC3=C(N=C21)NC4=CC=CC=C4Cl,7.8
P11309,CC(C1=NC(=O)C2=C(N1)C3=C(O2)C=CC(=C3)Br)N4CCN(CC4)C,7.8
P11309,C[C@@H]1C[C@@H](C[C@@H]([C@@H]1OCCC#N)N)C2=C(C=NC=C2)NC(=O)C3=NC(=C(C=C3)F)C4=C(C=C(C=C4F)C)F,7.816666667
P11309,C1C(CN1)NC2=NC(=CN=C2)C3=NNC4=C3C=C(C=C4)C5=C(C=CC=C5F)F,7.82
P11309,CC1=CC2=C(S1)C3=C(C(=CC=C3)C4=NC=NN4)N=C2NC5=CC=CC=C5F,7.82
P11309,COC1=CC=CC(=C1Cl)C2=NC(=O)C3=C(N2)C4=C(O3)C=CC(=C4)Br,7.82
P11309,C1[C@@H](CN(C[C@@H]1O)C2=C(C=NC=C2)NC(=O)C3=CSC(=N3)C4=C(C=CC=C4F)F)N,7.82
P11309,C1CC1NC2=NC3=C(C=CC=C3C4=NC=NN4)C5=C2C=CS5,7.82
P11309,CN1C=NC=C1C2=CC3=C(C=C2)NN=C3C4=CN=CC(=N4)O[C@H]5CNCCC56CC6,7.82
P11309,C1CC(CCC1N)NC2=NC3=C(N2)C(=C(C(=C3Br)Br)Br)Br,7.82
P11309,C1CCC(CC1)NC2=NC(=CN=C2)C3=CNC4=C3C=C(C=C4)C5=NN=C(S5)N,7.825
P11309,C1C=CCC(C1N)NC2=NC3=C(N2)C(=C(C(=C3Br)Br)Br)Br,7.83
P11309,C1C[C@H](C[C@H](C1)N)C2=C(C=NC=C2)NC(=O)C3=NC(=C(C=C3)F)C4=CC(=CC(=C4F)F)F,7.846666667
P11309,C1=CC=C(C=C1)CCNC2=NN3C(=NN=C3C4=CC=CC=C4)C=C2,7.85
P11309,C1C(CN(CC1N)C2=C(C=NC=C2)NC(=O)C3=CSC(=N3)C4=C(C=CC=C4F)F)CO,7.85
P11309,C1=CC2=C(C(=C1)C3=NC=NN3)N=C(C4=C2SC=C4)NC5=C(C=C(C=C5)O)Cl,7.85
P11309,C1COC(CN1)COC2=CC=CC3=C2N=C(C=C3)C4=NN=C5N4C=CC=C5,7.85
P11309,C1=CC(=C(C=C1F)C2=NC(=O)C3=C(N2)C4=C(O3)C=CC(=C4)Br)Cl,7.85
P11309,C1=CC=C(C=C1)NC2=NC3=C(C=CC=C3N4C2=CC=C4)C5=NC=NN5,7.85
P11309,C1CNCCC1CNC2=NC3=C(C=C2)N=NN3C4=CC=CC(=C4)C(F)(F)F,7.85
P11309,C1CCC(C(C1)NC2=NC3=C(N2)C(=C(C(=C3Br)Br)Br)Br)O,7.85
P11309,C1=CC2=C(C(=C1)C3=NC=NN3)N=C(C4=C2SC=C4)NC5=CC=C(C=C5)Cl,7.85
P11309,CN1CCC(CC1)CNC2=NN3C(=NC=C3C4=CC(=CC=C4)OC(F)(F)F)C=C2,7.858571429
P11309,C[C@H]1C[C@H](C[C@H]([C@@H]1NC(=O)C)N)C2=C(C=NC=C2)NC(=O)C3=NC(=C(C=C3)F)C4=C(C=CC=C4F)F,7.876666667
P11309,C[C@@]12[C@@H]([C@@H](C[C@@H](O1)N3C4=CC=CC=C4C5=C6C(=C7C8=CC=CC=C8N2C7=C53)CNC6=O)NC)OC,7.88
P11309,C[C@H]1C[C@H](C[C@H]([C@@H]1O)N)C2=C(C=NC=C2)NC(=O)C3=NC(=C(C=C3)F)C4=C(C=CC(=C4)C(F)(F)F)F,7.88
P11309,C1CCN(C1)C2=NC3=C(N2)C(=C(C(=C3Br)Br)Br)Br,7.88
P11309,C[C@H]1C[C@H](C[C@H]([C@H]1N2C=C(N=N2)C#N)N)C3=C(C=NC=C3)NC(=O)C4=NC(=C(C=C4)F)C5=C(C=CC=C5F)F,7.88
P11309,C(C(CNC1=NC2=C(N1)C(=C(C(=C2Br)Br)Br)Br)O)N,7.88
P11309,CNC(=O)C1=CC=CC2=C3C=NC=CC3=C(N=C21)NC4=C(C=CC=C4F)F,7.89
P11309,CN1CCN(CC1)C[C@H](C2CCCCC2)NC(=O)C[C@H]3CNC(=O)C4=CC(=CN34)C5=CC(=NC=C5)F,7.89
P11309,COC1=C(C(=CC=C1)F)NC2=C3C=CN=CC3=C4C=CC=C(C4=N2)C5=NC=NN5,7.89
P11309,C1CC1NC2=C3C=CN=CC3=C4C=CC=C(C4=N2)C5=NC=NN5,7.89
P11309,[C-]#[N+]C1=CN2C(=NN=C2C3=NC4=C(C=CC=C4OC5CCNCCC5F)C=C3)C=C1,7.89
P11309,C1C[C@H](C[C@H](C1)N)C2=C(C=NC=C2)NC(=O)C3=NC(=C(C=C3)F)C4=C(C=C(C=C4)F)F,7.89
P11309,C1[C@@H](N2C=C(C=C2C(=O)N1)C3=CC(=NC=C3)F)CC(=O)N[C@H](CN)C4=CC=CC=C4,7.89
P11309,CCCC([C@@H](CC)CN)OC1=CC=CC2=C1N=C(C=C2)C3=NN=C4N3C=CC=C4,7.89
P11309,C1CCN(C1)CC2=NC(=O)C3=C(N2)C4=C(O3)C=CC(=C4)Br,7.89
P11309,CSC1=NC=C2C=CC3=C(C2=N1)NC=C3C(=O)N,7.89
P11309,C1=CC(=CC=C1/C=C\2/C(=O)NC(=O)S2)F,7.89
P11309,C1=CC2=C3C=NC=CC3=C(N=C2C(=C1)C4=NC=NN4)NC5=C(C=C(C=C5)F)F,7.9
P11309,CC(C)(CNCC(F)F)COC1=CC=CC2=C1N=C(C=C2)C3=NN=C4N3C=CC=C4,7.9
P11309,C1C[C@H](C[C@H](C1)N)C2=C(C=NC=C2)NC(=O)C3=C(C=CC(=N3)C4=C(C=CC=C4F)F)F,7.91
P11309,CCCOC1=C(C2=C(C=C1)C(=O)/C(=C/C3=CNC4=CC=CC=C43)/O2)CN5CCNCC5,7.92
P11309,C1CCC(CC1)[C@@H](CN)NC(=O)C[C@H]2CNC(=O)C3=CC(=CN23)C4=CC(=CC=C4)F,7.92
P11309,C1=CC=C(C(=C1)NC2=NC3=C(C=CC=C3N4C2=CC=C4)C5=NC=NN5)Cl,7.92
P11309,C1CN(C[C@H]1N)C2=C(C=CC(=C2)Cl)/C=C\3/C(=O)NC(=O)S3,7.92
P11309,C1CN(CCC1OC2=CC=CC3=C2N=C(C=C3)C4=NN=C5N4C=CC=C5)C(=O)N,7.92
P11309,C1=CC(=C(C(=C1)F)C2=NC(=C(S2)N)C(=O)NC3=CN(N=C3)CCF)F,7.92
P11309,CC1CC(CN(C1)C2=C(C=NC=C2)NC(=O)C3=CSC(=N3)C4CCCCC4)N,7.92
P11309,C[C@H]1C[C@H](C[C@H]([C@H]1OCC(=O)O)N)C2=C(C=NC=C2)NC(=O)C3=NC(=C(C=C3)F)C4=C(C=CC=C4F)F,7.92
P11309,CNC(=O)C1=CC=CC2=C3C=NC=CC3=C(N=C21)NC4=CC=CC=C4Cl,7.925
P11309,C1CC(CCNC1)(COC2=CC=CC3=C2N=C(C=C3)C4=NN=C5N4C=CC=C5)O,7.93
P11309,C1C[C@H](C[C@H](C1)N)C2=C(C=NC=C2)NC(=O)C3=C(C=CC(=N3)C4=C(C=CC(=C4)O)F)F,7.93
P11309,C1CC[C@@H]([C@H](C1)N)NC2=NC3=C(N2)C(=C(C(=C3Br)Br)Br)Br,7.94
P11309,C[C@H]1C[C@H](C[C@H]([C@@H]1S(=O)(=O)C)N)C2=C(C=NC=C2)NC(=O)C3=NC(=C(C=C3)F)C4=C(C=CC=C4F)F,7.95
P11309,CN1CCC[C@H]1C2=NC(=O)C3=C(N2)C4=C(O3)C=CC(=C4)Br,7.96
P11309,C1CN(C[C@H]1O)CC2=NC(=O)C3=C(N2)C4=C(O3)C=CC(=C4)Br,7.96
P11309,COC1=CC=CC(=C1)NC2=NC3=C(C=CC=C3C4=NC=NN4)C5=C2C=CS5,7.96
P11309,CCC1=C(C(=C(C=C1)F)C2=NC(=CC=C2)C(=O)NC3=C(C=CN=C3)[C@@H]4CC[C@@H]([C@@H](C4)N)O)F,7.96
P11309,C1C[C@H]([C@@H](C[C@@H]1C2=C(C=NC=C2)NC(=O)C3=CSC(=N3)C4=C(C=CC=C4F)F)N)O,7.96
P11309,C1CCC(CC1)C2=NC(=CS2)C(=O)NC3=C(C=CN=C3)N4CC(CC(C4)N)C(F)(F)F,7.96
P11309,C1CNCCN(C1)C2=NC(=CN=C2)C3=NNC4=C3C=C(C=C4)C5=C(C=CC=C5F)F,7.96
P11309,C1[C@@H](CN[C@@H]1C2=NC(=O)C3=C(N2)C4=C(O3)C=CC(=C4)Br)F,7.96
P11309,C1=CC(=C(C=C1Cl)Cl)C2=NC(=O)C3=C(N2)C4=C(O3)C=CC(=C4)Br,7.96
P11309,C1CN(CC1N)C2=NC(=CN=C2)C3=NNC4=C3C=C(C=C4)C5=C(C=CC=C5F)F,7.96
P11309,C[C@H]1C[C@H](C[C@H]([C@H]1N2C=CN=N2)N)C3=C(C=NC=C3)NC(=O)C4=CSC(=N4)C5=C(C=CC=C5F)F,7.976666667
P11309,CCC1=C(C(=C(C=C1)F)C2=NC(=CC=C2)C(=O)NC3=C(C=CN=C3)[C@@H]4CCC[C@@H](C4)N)F,7.98
P11309,CN1C(=C(C=N1)NC(=O)C2=C(SC(=N2)C3=C(C=CC=C3F)F)N)C4CCNCC4,7.98
P11309,C[C@H]1C[C@H](C[C@H]([C@@H]1OP(=O)(C)C)N)C2=C(C=NC=C2)NC(=O)C3=NC(=C(C=C3)F)C4=C(C=CC=C4F)F,7.983333333
P11309,C[C@H]1CN[C@@H](CN1C2=NC3=C(N2)C(=C(C(=C3Br)Br)Br)Br)C,7.99
P11309,C[C@H]1CN(C[C@H]([C@@H]1O)N)C2=C(C=NC=C2)NC(=O)C3=NC(=C(C=C3)F)C4=CN=CC=C4,7.996666667
P11309,C1CNCCC12CN(C2)C3=NC4=C(C=C3)N=NN4C5=CC(=CC=C5)OC(F)(F)F,8
P11309,C1=CC(=CC(=C1)NC2=NC3=C(C=CC=C3C4=NC=NN4)C5=C2C=CS5)C#N,8
P11309,CN1C=C(C2=CC=CC=C21)C3=C(C(=O)NC3=O)C4=CN(C5=CC=CC=C54)CCCSC(=N)N,8
P11309,C1[C@@H](N2C=C(C=C2C(=O)N1)C3=CC(=CC=C3)F)CC(=O)N[C@H](CN)C4=CC=CC=C4,8
P11309,CC(C)(CNC(=O)CF)COC1=CC=CC2=C1N=C(C=C2)C3=NN=C4N3C=CC=C4,8
P11309,C1C(CN1CC2=NC(=O)C3=C(N2)C4=C(O3)C=CC(=C4)Br)O,8
P11309,CNC(=O)C1=CC=CC2=C3C=NC=CC3=C(N=C21)NC4=C(C(=CC=C4)OC)Cl,8
P11309,C1=CC=C(C=C1)C2=CC(=CC=C2)C3=C4N=C(C=CN4N=C3)NCCN,8
P11309,CC(C)(CN)COC1=C(C=CC2=C1N=C(C=C2)C3=NN=C4N3C=CC=C4)Br,8
P11309,CN1C[C@@H]2C[C@H]1CN2CC3=NC(=O)C4=C(N3)C5=C(O4)C=CC(=C5)Br,8
P11309,CCCC([C@H](CC)CN)OC1=CC=CC2=C1N=C(C=C2)C3=NN=C4N3C=CC=C4,8
P11309,C1C[C@@H]([C@@H](C[C@@H]1C2=C(C=NC=C2)NC(=O)C3=CC=CC(=N3)C4=CC=CC=C4F)N)O,8.006666667
P11309,C1CCC(CC1)C2=NC(=C(C=C2)N)C(=O)NC3=C(C=CN=C3)[C@@H]4CCC[C@@H](C4)N,8.0275
P11309,C1C(CN1)(COC2=CC=CC3=C2N=C(C=C3)C4=NN=C5N4C=CC=C5)F,8.03
P11309,CCCN1C2=C(C(=C(C(=C2Br)Br)Br)Br)N=C1N3CCNCC3,8.03
P11309,C1=CC2=C(C=C1C3=C4N=C(C=CN4N=C3)NCCN)NN=C2,8.03
P11309,C[C@H]1C[C@H](C[C@H](C1)N)C2=C(C=NC=C2)NC(=O)C3=NC(=C(C=C3)F)C4CCCCC4,8.04
P11309,CCCOC1=CC(=C(C=C1)F)C2=C(C=CC(=N2)C(=O)NC3=C(C=CN=C3)[C@@H]4CC[C@@H]([C@@H](C4)N)O)F,8.04
P11309,C[C@H]1C[C@H](C[C@H]([C@@H]1[S@@](=O)C)N)C2=C(C=NC=C2)NC(=O)C3=NC(=C(C=C3)F)C4=C(C=CC=C4F)F,8.043333333
P11309,C1=CC2=C(C(=C1)C3=NC=NN3)N=C(C4=C2SC=C4)NC5=C(C=C(C=C5)F)Cl,8.05
P11309,C1=CC2=C3C=NC=CC3=C(N=C2C(=C1)C4=NC=NN4)NC5=C(C=CC(=C5)Cl)F,8.05
P11309,C1=CC2=C(C(=C1)C3=NC=NN3)N=C(C4=C2SC=C4)NC5=CC(=CC(=C5)F)F,8.05
P11309,CN1CCN(CC1)C[C@H](C2CCCCC2)NC(=O)C[C@H]3CNC(=O)C4=CC(=CN34)C5=CC(=CC=C5)F,8.05
P11309,C1CN(C1)CC2=NC(=O)C3=C(N2)C4=C(O3)C=CC(=C4)Br,8.05
P11309,C1CCN2C=C(C3=C2C4=C(C=C3)C5=CC=CC=C5N4CC1)C=O,8.05
P11309,C1=CC2=C(C(=C1)C3=NC=NN3)N=C(C4=C2SC=C4)NC5=CC(=C(C=C5)F)F,8.05
P11309,C(CCNC1=NC2=C(N1)C(=C(C(=C2Br)Br)Br)Br)CN,8.05
P11309,CC(C)NC1=NC(=CN=C1)C2=CNC3=C2C=C(C=C3)C4=NN=C(S4)N,8.05
P11309,C1CN[C@@H](CC1OC2=CC=CC3=C2N=C(C=C3)C4=NN=C5N4C=CC=C5)CO,8.05
P11309,C[C@@H]1CN(C[C@H]([C@H]1O)N)C2=C(C=NC=C2)NC(=O)C3=CSC(=N3)C4=C(C=CC=C4F)F,8.05
P11309,COCCOC1=CC(=C(C=C1)NC2=C3C=CN=CC3=C4C=CC=C(C4=N2)C5=NC=NN5)F,8.055
P11309,C1CN(CCC1(COC2=CC=CC3=C2N=C(C=C3)C4=NN=C5N4C=CC=C5)F)CCF,8.06
P11309,CN(C)C1=CC=CC(=C1)N2C3=C(C(=CC(=N3)NCC4CCNCC4)OC)N=N2,8.07
P11309,COC1=CC(=NC2=C1N=NN2C3=CC(=CC=C3)OC(F)(F)F)NCC4CCNCC4,8.075
P11309,COCCOC1=CN2C(=NN=C2C3=NC4=C(C=CC=C4OCC5(CCNCC5)F)C=C3)C=C1,8.08
P11309,C[C@@H]1C[C@H](C[C@H]([C@H]1O)O)C2=C(C=NC=C2)NC(=O)C3=NC(=C(C=C3)F)C4=C(C=CC=C4F)F,8.09
P11309,C[C@H]1C[C@H](C[C@H]([C@@H]1O)N)C2=C(C=NC=C2)NC(=O)C3=NC(=C(C=C3)F)C4=C(C=CC(=C4)O)F,8.09
P11309,C1CN(C[C@@H]1O)CC2=NC(=O)C3=C(N2)C4=C(O3)C=CC(=C4)Br,8.095
P11309,C1=CC=C(C(=C1)NC2=NC3=C(C=CC=C3N4C2=CC=C4)C5=NC=NN5)F,8.1
P11309,CCNC(=O)C1=CC=CC2=C3C=NC=CC3=C(N=C21)NC4=CC=CC=C4Cl,8.1
P11309,CN(C)CCN(C)C1=NC(=CN=C1)C2=CC3=C(C=C2)NC=C3C4=NC(=NC=C4)N,8.1
P11309,C1CNCC(C1OC2=CC=CC3=C2N=C(C=C3)C4=NN=C5N4C=C(C=C5)Br)F,8.1
P11309,C1=CC=C(C(=C1)NC2=NC3=C(C=CC=C3C4=NC=NN4)C5=C2N=CS5)Cl,8.1
P11309,C1CNCC(C1OC2=C3C(=CC(=C2)F)C=CC(=N3)C4=NN=C5N4C=CC=C5)F,8.1
P11309,COC1=CC=CC(=C1Cl)NC2=C3C=CN=CC3=C4C=CC=C(C4=N2)C5=NC=NN5,8.1
P11309,C[C@H]1C[C@H](C[C@H]([C@H]1S(=O)C)N)C2=C(C=NC=C2)NC(=O)C3=NC(=C(C=C3)F)C4=C(C=CC=C4F)F,8.1
P11309,C1CNCCC1OC2=NC(=CN=C2)C3=NNC4=C3C=C(C=C4)C5=C(C=CC=C5F)F,8.1
P11309,C1=CC(=C(C(=C1)Cl)Cl)C2=NC(=O)C3=C(N2)C4=C(O3)C=CC(=C4)Br,8.1
P11309,C1CCN2C3=CC=CC=C3C4=C2C5=C(C=C4)C(=CN5C1)C=O,8.1
P11309,CCC1=C(C(=C(C=C1)F)C2=NC(=CC=C2)C(=O)NC3=C(C=CN=C3)[C@@H]4C[C@@H]([C@H]([C@@H](C4)N)O)C)F,8.103333333
P11309,COC1=CC=CC(=C1N2CCC[C@H](C2)N)/C=C\3/C(=O)NC(=O)S3,8.11
P11309,C1C[C@H](CN(C1)C2=C(C=CC=C2Cl)/C=C\3/C(=O)NC(=O)S3)N,8.11
P11309,CN1CCC(CC1)C2=C(C=NN2C)NC(=O)C3=C(SC(=N3)C4=C(C=CC=C4F)F)N,8.12
P11309,C1CCC(C1)NC2=NC(=CN=C2)C3=CNC4=C3C=C(C=C4)C5=NN=C(S5)N,8.12
P11309,C1C[C@H](C[C@H](C1)N)C2=C(C=NC=C2)NC(=O)C3=NC(=C(C=C3N)F)C4=C(C=NC=C4)F,8.123333333
P11309,C[C@H]1C[C@H](C[C@H]([C@H]1NC(=O)OC(C)C)N)C2=C(C=NC=C2)NC(=O)C3=NC(=C(C=C3)F)C4=C(C=CC=C4F)F,8.126666667
P11309,C[C@H]1CN(C[C@H]([C@@H]1O)N)C2=C(C=NC=C2)NC(=O)C3=NC(=C(C=C3)F)C4=CC=NC=C4,8.136666667
P11309,C1C(CN1)(COC2=C3C(=CC(=C2)F)C=CC(=N3)C4=NN=C5N4C=CC=C5)F,8.14
P11309,C1=CC2=C(C=C1C3=C4N=C(C=CN4N=C3)NCCN)NC(=O)N2,8.14
P11309,C[C@H]1C[C@H](C[C@H]([C@@H]1O)N)C2=C(C=NC=C2)NC(=O)C3=C(C=CC(=N3)C4CCCCC4)N,8.146666667
P11309,C1CNCCC1CNC2=CC=C(C=C2)C3=NC(=O)C4=C(N3)C5=C(O4)C=CC(=C5)Br,8.15
P11309,CC1=C(C=CC(=C1)F)NC2=C3C=CN=CC3=C4C=CC=C(C4=N2)C5=NC=NN5,8.15
P11309,C1CC(CNC1)OC2=NC(=CN=C2)C3=NNC4=C3C=C(C=C4)C5=C(C=CC=C5F)F,8.15
P11309,CN(C)CCOC1=CC(=C(C=C1)NC2=C3C=CN=CC3=C4C=CC=C(C4=N2)C5=NC=NN5)F,8.15
P11309,C1=CC=C(C(=C1)NC2=NC3=C(C=CC=C3C4=NC=NN4)C5=CSC=C52)Cl,8.15
P11309,CN(C)CCNC1=NC2=C(C=NN2C=C1)C3=CNN=C3,8.15
P11309,C1CN(CCN1)C2=NC(=CN=C2)C3=NNC4=C3C=C(C=C4)C5=C(C=CC=C5F)F,8.15
P11309,COC1=CC=CC=C1NC2=NC3=C(C=CC=C3C4=NC=NN4)C5=C2C=CS5,8.15
P11309,CC1=CC=CC=C1NC2=C3C=CN=CC3=C4C=CC=C(C4=N2)C5=NC=NN5,8.15
P11309,C1=CC2=C(C=C1C3=C4N=C(C=CN4N=C3)NCCN)N=CS2,8.15
P11309,CSC1=NC=C2C=CC3=C(C2=N1)N(C=C3C(=O)N)C4CCNCC4,8.15
P11309,C1C[C@@H]([C@@H](C[C@@H]1C2=C(C=NC=C2)NC(=O)C3=NC(=C(C=C3)F)C4=CC=CC=C4F)N)O,8.153333333
P11309,C[C@H]1C[C@H](C[C@H]([C@H]1NC(=O)OC)N)C2=C(C=NC=C2)NC(=O)C3=NC(=C(C=C3)F)C4=C(C=C(C=C4F)C5COC5)F,8.16
P11309,CC(C)N1C2=C(C(=C(C(=C2Br)Br)Br)Br)N=C1N3CCNCC3,8.16
P11309,C1CCC(C(C1)N)NC2=NC3=C(N2)C(=C(C(=C3Br)Br)Br)Br,8.16
P11309,C1=CC2=C(C3=C(N2)C4=C(C=C3)C(=CN4)C=O)C(=C1)Br,8.17
P11309,C1CN(CCN1C2=NC3=C(N2)C(=C(C(=C3Br)Br)Br)Br)C(=N)N,8.17
P11309,C1CN(CCN1)C2=NC3=C(C=NN3C=C2)C4=CC5=CC=CC=C5C=C4,8.17
P11309,C1CNCCC1NC2=NC3=C(N2)C(=C(C(=C3Br)Br)Br)Br,8.18
P11309,CCN1C2=C(C(=C(C(=C2Br)Br)Br)Br)N=C1N3CCNCC3,8.18
P11309,CC1=C(C(=C(C=C1)F)C2=NC(=CC=C2)C(=O)NC3=C(C=CN=C3)[C@@H]4CC[C@@H]([C@@H](C4)N)O)F,8.19
P11309,C1C[C@@H](CN(C1)C2=C(C=NN2)NC(=O)C3=C(SC(=N3)C4=C(C=CC=C4F)F)N)N,8.19
P11309,C[C@H]1C[C@H](C[C@H]([C@H]1OP(=O)(C)C)N)C2=C(C=NC=C2)NC(=O)C3=NC(=C(C=C3)F)C4=C(C=CC=C4F)F,8.193333333
P11309,C[C@@H]1C[C@H](C[C@H]([C@H]1O)N)C2=C(C=NC=C2)NC(=O)C3=NC(=C(C=C3)F)C4=C(C=CC=C4F)F,8.2
P11309,C[C@H]1C[C@H](C[C@H]([C@H]1NC(=O)C)N)C2=C(C=NC=C2)NC(=O)C3=NC(=C(C=C3)F)C4=C(C=CC=C4F)F,8.2
P11309,C1C[C@H](C[C@H](C1)N)C2=C(C=NC=C2)NC(=O)C3=NC(=C(C=C3)F)C4=C(C=CC(=C4)F)F,8.2
P11309,C[C@H]1C[C@H](C[C@H](C1=O)N)C2=C(C=NC=C2)NC(=O)C3=NC(=C(C=C3)F)C4=C(C=CC=C4F)F,8.203333333
P11309,C#CC1=CC(=CC=C1)NC2=NC3=C(C=CC=C3C4=NC=NN4)C5=C2C=CS5,8.22
P11309,C1CN(C[C@@H]1N)CC2=NC(=O)C3=C(N2)C4=C(O3)C=CC(=C4)Br,8.22
P11309,CC1=C(C=C(C=C1)F)NC2=C3C=CN=CC3=C4C=CC=C(C4=N2)C5=NC=NN5,8.22
P11309,C1CN(C[C@H]1N)C2=C(C=CC=C2Cl)/C=C\3/C(=O)NC(=O)S3,8.22
P11309,C1C[C@@H]([C@@H](C[C@@H]1C2=C(C=NC=C2)NC(=O)C3=CSC(=N3)C4=C(C=CC=C4F)F)N)O,8.22
P11309,C1[C@H](CN(C[C@@H]1N)C2=C(C=NC=C2)NC(=O)C3=CSC(=N3)C4=C(C=CC=C4F)F)C(F)(F)F,8.22
P11309,CCOC1=C(C2=C(C=C1)C(=O)/C(=C/C3=CNC4=CC=CC=C43)/O2)CN5CCNCC5,8.22
P11309,C1=CC(=CC(=C1)Cl)NC2=NC3=C(C=CC=C3C4=NC=NN4)C5=C2C=CS5,8.22
P11309,C[C@H]1C[C@H](C[C@H]([C@H]1NC(=O)C(C)C)N)C2=C(C=NC=C2)NC(=O)C3=NC(=C(C=C3)F)C4=C(C=CC=C4F)F,8.226666667
P11309,C(CN)CNC1=NC2=C(N1)C(=C(C(=C2Br)Br)Br)Br,8.23
P11309,C1C[C@@H]([C@H](C[C@@H]1C2=C(C=NC=C2)NC(=O)C3=C(C=CC(=N3)C4=C(C=CC=C4F)F)N)N)O,8.236666667
P11309,CN1CCCC(CC1)NC2=NC3=C(N2)C(=C(C(=C3Br)Br)Br)Br,8.24
P11309,CCC(CO)COC1=CC=CC2=C1N=C(C=C2)C3=NN=C4N3C=CC=C4,8.24
P11309,C1CC(CCNC1)OC2=CC=CC3=C2N=C(C=C3)C4=NN=C5N4C=CC=C5,8.246666667
P11309,C[C@H]1C[C@H](C[C@H]([C@H]1OCCS(=O)(=O)C)N)C2=C(C=NC=C2)NC(=O)C3=CSC(=N3)C4=C(C=CC=C4F)F,8.253333333
P11309,C[C@H]1C[C@H](C[C@H]([C@H]1NC(=O)COC)N)C2=C(C=NC=C2)NC(=O)C3=NC(=C(C=C3)F)C4=C(C=CC=C4F)F,8.253333333
P11309,CC(C)(CNCC(F)(F)F)COC1=CC=CC2=C1N=C(C=C2)C3=NN=C4N3C=CC=C4,8.26
P11309,C1C[C@H](CN(C1)C2=C(C=CC=C2Br)/C=C\3/C(=O)NC(=O)S3)N,8.26
P11309,CCOC1=CC=CC(=C1N2CCC[C@H](C2)N)/C=C\3/C(=O)NC(=O)S3,8.26
P11309,C[C@H]1C[C@H](C[C@H]([C@H]1NC(=O)OC)N)C2=C(C=NC=C2)NC(=O)C3=C(C=CC(=N3)C4=C(C=CC(=C4)C(=O)NC(C)C)F)N,8.263333333
P11309,C[C@H]1C[C@H](C[C@H]([C@H]1NC(=O)OC)N)C2=C(C=NC=C2)NC(=O)C3=NC(=C(C=C3)F)C4=C(C=CC=C4F)F,8.268333333
P11309,CCC1=C(C(=C(C=C1)F)C2=NC(=CC=C2)C(=O)NC3=C(C=CN=C3)[C@@H]4C[C@@H](C[C@@H](C4)N)C)F,8.27
P11309,C1CNCCC1(COC2=CC=CC3=C2N=C(C=C3)C4=NN=C5N4C=CC=C5)O,8.28
P11309,C[C@H]1C[C@H](C[C@H]([C@H]1N2C=C(N=N2)C(C)(C)O)N)C3=C(C=NC=C3)NC(=O)C4=NC(=C(C=C4)F)C5=C(C=CC=C5F)F,8.28
P11309,C1CC[C@H]([C@@H](C1)N)NC2=NC3=C(N2)C(=C(C(=C3Br)Br)Br)Br,8.28
P11309,C[C@@H]1C[C@@H](C[C@H]([C@H]1O)N)C2=C(C=NC=C2)NC(=O)C3=C(C=CC(=N3)C4=C(C=CC=C4F)F)N,8.283333333
P11309,CC1CC(C=C(C1)C2=C(C=NC=C2)NC(=O)C3=NC(=C(C=C3)F)C4=C(C=CC=C4F)F)O,8.283333333
P11309,CC1=CN2C(=NN=C2C3=NC4=C(C=CC=C4OC5CCNCCC5F)C=C3)C=C1,8.29
P11309,C1=CC=C2C=C(C=CC2=C1)C3=C4N=C(C=CN4N=C3)NCCCN,8.29
P11309,C[C@H]1C[C@H](C[C@H](C1)N)C2=C(C=NC=C2)NC(=O)C3=C(C=CC(=N3)C4=C(C=CC=C4F)F)F,8.296666667
P11309,C[C@H]1C[C@H](C[C@H]([C@H]1NC(=O)OC)N)C2=C(C=NC=C2)NC(=O)C3=NC(=C(C=C3)F)C4=C(C=C(C=C4F)OCCOC)F,8.3
P11309,C[C@H]1C[C@H](C[C@H]([C@H]1O)N)C2=C(C=NC=C2)NC(=O)C3=CSC(=N3)C4=C(C=CC=C4F)F,8.3
P11309,CN(C)CCNC1=NC2=C(C=NN2C=C1)C3=CC4=CC=CC=C4C=C3,8.3
P11309,C1CNC[C@@H]1NC2=CC=CC3=C2N=C(C=C3)C4=NN=C5N4C=CC=C5,8.3
P11309,C1CC1(CO)COC2=CC=CC3=C2N=C(C=C3)C4=NN=C5N4C=CC=C5,8.3
P11309,C1CNC[C@H]1OC2=C(C=NC=C2)NC(=O)C3=CSC(=N3)C4=C(C=CC=C4F)F,8.3
P11309,C1=CC2=NN=C(N2C=C1)C3=NC4=C(C=CC=C4NCCCN)C=C3,8.3
P11309,C1=CC=C(C(=C1)NC2=C3C=CN=CC3=C4C=CC=C(C4=N2)C5=NC=NN5)F,8.3
P11309,C1CNCCN(C1)C(=O)C2=CC=CC(=C2)C3=CC=C(O3)/C=C/4\C5=C(C=CC(=C5)Cl)NC4=O,8.3
P11309,C1CN(CC(C1Cl)N)C2=C(C=NC=C2)NC(=O)C3=CSC(=N3)C4=C(C=CC=C4F)F,8.3
P11309,CNC(=O)C1=CC=CC2=C1N=C(C3=C2SC=C3)NC4=CC=CC=C4Cl,8.3
P11309,COC1=CC=CC(=C1Cl)NC2=NC3=C(C=CC=C3C4=NC=NN4)C5=C2C=CS5,8.3
P11309,CN1CCCN(CC1)C(=O)C2=CC=CC(=C2)C3=CC=C(O3)/C=C/4\C5=C(C=CC(=C5)Cl)NC4=O,8.3
P11309,CC[C@H](CN)C(C)OC1=CC=CC2=C1N=C(C=C2)C3=NN=C4N3C=CC=C4,8.3
P11309,C1CC2CC(CC1N2)OC3=CC=CC4=C3N=C(C=C4)C5=NN=C6N5C=CC=C6,8.3
P11309,C1=CC=C(C(=C1)NC2=NC3=C(C=CC=C3C(=O)N)C4=C2C=CS4)Cl,8.3
P11309,CC(C)(C)[C@@H](CN1CCN(CC1)C)NC(=O)C[C@H]2CNC(=O)C3=CC(=CN23)C4=CC(=CC=C4)Cl,8.3
P11309,COC1CCN(CC1N)C2=C(C=NC=C2)NC(=O)C3=CSC(=N3)C4=C(C=CC=C4F)F,8.3
P11309,C1C[C@H](C[C@H](C1)N)C2=C(C=NC=C2)NC(=O)C3=NC(=C(C=C3)F)C4=C(C(=CC=C4)F)F,8.306666667
P11309,C[C@H]1C[C@H](C[C@H]([C@@H]1OC)N)C2=C(C=NC=C2)NC(=O)C3=CSC(=N3)C4=C(C=CC=C4F)F,8.306666667
P11309,CCOCC1=CC(=C(C(=C1)F)C2=C(C=CC(=N2)C(=O)NC3=C(C=CN=C3)[C@@H]4C[C@@H]([C@@H]([C@@H](C4)N)NC(=O)OC)C)F)F,8.306666667
P11309,CC(C)COC1=CC=CC(=C1N2CCC[C@H](C2)N)/C=C\3/C(=O)NC(=O)S3,8.31
P11309,C1CCC(C1)(CN)COC2=CC=CC3=C2N=C(C=C3)C4=NN=C5N4C=CC=C5,8.31
P11309,C1CNCCC(C1OC2=CC=CC3=C2N=C(C=C3)C4=NN=C5N4C=C(C=C5)F)F,8.31
P11309,C[C@H]1C[C@H](C[C@H]([C@@H]1O)N)C2=C(C=NC=C2)NC(=O)C3=NC(=C(C=C3N)F)C4=C(C=CC=C4F)F,8.316666667
P11309,C[C@H]1C[C@H](C[C@H](C1)O)C2=C(C=NC=C2)NC(=O)C3=NC(=C(C=C3)F)C4=C(C=CC=C4F)F,8.32
P11309,C1CCC(CC1)C2=C(C=CC(=N2)C(=O)NC3=C(C=CN=C3)[C@@H]4C[C@@H](C[C@@H](C4)N)C(F)(F)F)F,8.32
P11309,COC1=CN2C(=NN=C2C3=NC4=C(C=CC=C4OCC5(CCNCC5)F)C=C3)C=C1,8.33
P11309,CCOC(=O)N[C@H]1[C@H](C[C@H](C[C@H]1N)C2=C(C=NC=C2)NC(=O)C3=NC(=C(C=C3)F)C4=C(C=CC=C4F)F)C,8.333333333
P11309,C[C@H]1C[C@H](C[C@H]([C@H]1NC(=O)OC)N)C2=C(C=NC=C2)NC(=O)C3=NC(=C(C=C3)F)C4=C(C=C(C=C4F)C5(CCOCC5)F)F,8.336666667
P11309,CN1C(=C(C=N1)NC(=O)C2=C(SC(=N2)C3=C(C=CC=C3F)F)N)NCC4CCNCC4,8.34
P11309,C[C@H]1C[C@H](C[C@H]([C@@H]1O)N)C2=C(C=NC=C2)NC(=O)C3=CC=CC(=N3)C4=C(C=CC(=C4F)C)F,8.34
P11309,C1C[C@@H]([C@@H](C[C@@H]1C2=C(C=NC=C2)NC(=O)C3=CC=CC(=N3)C4=C(C=CC=C4F)F)N)O,8.346666667
P11309,C1=CC(=CC(=C1)C2=CC=CO2)C3=C4N=C(C=CN4N=C3)NCCN,8.35
P11309,C1CC(=CC(C1O)N)C2=C(C=NC=C2)NC(=O)C3=C(C=CC(=N3)C4=C(C=CC=C4F)F)N,8.35
P11309,C1CCN(C1)CCOC2=CC(=C(C=C2)NC3=C4C=CN=CC4=C5C=CC=C(C5=N3)C6=NC=NN6)F,8.35
P11309,C1CC(C=C(C1)C2=C(C=NC=C2)NC(=O)C3=C(C=CC(=N3)C4=C(C=CC=C4F)F)N)N,8.356666667
P11309,C1CNCC(C1OC2=C3C(=CC(=C2)F)C=CC(=N3)C4=NN=C5N4C=CC=C5)(F)F,8.36
P11309,CN1C(=C(C=N1)NC(=O)C2=C(C=CC(=N2)C3=CC=CC=C3F)N)OC4CCNCC4,8.36
P11309,COC1=C(C2=C(C=C1)C(=O)/C(=C/C3=C4C=CC=CC4=NN3)/O2)CN5CCNCC5,8.37
P11309,CC1=CC2=NN=C(N2C=C1)C3=NC4=C(C=CC=C4OC5CCNCCC5F)C=C3,8.38
P11309,CC(=O)O[C@H]1CC[C@H](C[C@H]1N)C2=C(C=NC=C2)NC(=O)C3=C(C=CC(=N3)C4=C(C=CC=C4F)F)N,8.383333333
P11309,C[C@H]1C[C@H](C[C@H]([C@H]1O)N)C2=C(C=NC=C2)NC(=O)C3=CC=CC(=N3)C4=C(C=CC(=C4)C)F,8.39
P11309,C[C@H]1C[C@H](C[C@H]([C@@H]1OC)N)C2=C(C=NC=C2)NC(=O)C3=NC(=NC=C3N)C4=C(C=CC=C4F)F,8.393333333
P11309,CCC1=C(C(=C(C=C1)F)C2=NC(=CC=C2)C(=O)NC3=C(C=CN=C3)[C@@H]4C[C@@H]([C@@H]([C@@H](C4)N)O)C)F,8.396666667
P11309,C[C@H]1C[C@H](C[C@H]([C@@H]1O)N)C2=C(C=NC=C2)NC(=O)C3=CSC(=N3)C4=C(C=CC=C4F)F,8.4
P11309,C1=CC2=NN=C(N2C=C1)C3=NC4=C(C=CC=C4OCC(CN)(F)F)C=C3,8.4
P11309,CC[C@H](CN)C(CC)OC1=CC=CC2=C1N=C(C=C2)C3=NN=C4N3C=CC=C4,8.4
P11309,CC(C)(CN(C)C)COC1=CC=CC2=C1N=C(C=C2)C3=NN=C4N3C=CC=C4,8.4
P11309,C1=CC=C(C=C1)NC2=NC3=C(C=CC=C3C4=NC=NN4)C5=C2C=CS5,8.4
P11309,C1[C@@H](CN(C[C@@H]1F)C2=C(C=NC=C2)NC(=O)C3=CSC(=N3)C4=C(C=CC=C4F)F)N,8.4
P11309,C1[C@@H](CN(C[C@H]1F)C2=C(C=NC=C2)NC(=O)C3=CSC(=N3)C4=C(C=CC=C4F)F)N,8.4
P11309,C1CC12CCNC[C@@H]2OC3=NC(=CN=C3)C4=NNC5=C4C=C(C=C5)C6=C(C=NC=C6)F,8.4
P11309,C1CCN(CC1)CCNC(=O)C2=CC(=C(C=C2)C3=NC(=O)C4=C(N3)C5=C(O4)C=CC(=C5)Br)Cl,8.4
P11309,C1=CC=C(C=C1)CNC2=NC3=C(C=CC=C3C4=NC=NN4)C5=C2C=CS5,8.4
P11309,C1=CC2=C(C(=C1)C3=NC=NN3)N=C(C4=C2SC=C4)NC5=CC=C(C=C5)F,8.4
P11309,C1CN(CCN1)C2=CC=C(C=C2)C3=CNC4=C3C=CC(=C4)C5=CC=C(C=C5)O,8.4
P11309,CC[C@@H](CN)C(C)OC1=CC=CC2=C1N=C(C=C2)C3=NN=C4N3C=CC=C4,8.4
P11309,C1COCCC1OC2=C(C=NC=C2)NC(=O)C3=CSC(=N3)C4=C(C=CC=C4F)F,8.4
P11309,C1CNCCC1OC2=C(C=NC=C2)NC(=O)C3=CC=CC(=N3)C4=C(C=CC=C4F)F,8.4
P11309,C1CC12CCNC[C@@H]2OC3=NC(=CN=C3)C4=NNC5=C4C=C(C=C5)C6=C(C=CC=N6)F,8.4
P11309,C1CN(CCC1(COC2=CC=CC3=C2N=C(C=C3)C4=NN=C5N4C=CC=C5)F)CC(=O)N,8.4
P11309,CC1=C(C2=C(N1C(C)C)C3=NC(=NC=C3C=C2)SC)C(=O)N,8.4
P11309,COC1=CC=C(C=C1)NC2=NC3=C(C=CC=C3C4=NC=NN4)C5=C2C=CS5,8.4
P11309,C1=CC=C(C(=C1)NC2=C3C(=C4C=CC=C(C4=N2)C5=NC=NN5)C=CS3)Cl,8.4
P11309,COC[C@@H]1CC(CCN1)OC2=CC=CC3=C2N=C(C=C3)C4=NN=C5N4C=CC=C5,8.4
P11309,C1CNCCC1NCC2=CC(=C(C=C2)C3=NC(=O)C4=C(N3)C5=C(O4)C=CC(=C5)Br)Cl,8.4
P11309,C1CNCCC1OC2=CC=CC3=C2N=C(C=C3)C4=NN=C5N4C=CC=C5,8.4
P11309,C[C@H]1C[C@H](C[C@H]([C@H]1F)N)C2=C(C=NC=C2)NC(=O)C3=CSC(=N3)C4=C(C=CC=C4F)F,8.4
P11309,C[C@@H]1CN(C[C@H]([C@H]1O)N)C2=C(C=NC=C2)NC(=O)C3=C(C=CC(=N3)C4=C(C=CC=C4F)F)N,8.4
P11309,C1CNC[C@@H](C1OC2=CC=CC3=C2N=C(C=C3)C4=NN=C5N4C=CC=C5)F,8.4
P11309,C1CN(C[C@H]1N)CC2=NC(=O)C3=C(N2)C4=C(O3)C=CC(=C4)Br,8.41
P11309,C[C@H]1C[C@H](C[C@H]([C@H]1NC(=O)OC)N)C2=C(C=NC=C2)NC(=O)C3=NC(=C(C=C3)F)C4=C(C=C(C=C4F)C5(CCOCC5)O)F,8.41
P11309,CCN1CCC(CC1)(COC2=CC=CC3=C2N=C(C=C3)C4=NN=C5N4C=CC=C5)F,8.41
P11309,C[C@H]1C[C@H](C[C@H]([C@H]1O)N)C2=C(C=NC=C2)NC(=O)C3=CC=CC(=N3)C4=C(C=CC(=C4F)C)F,8.416666667
P11309,C1C[C@@H]([C@@H](C[C@@H]1C2=C(C=NC=C2)NC(=O)C3=NC(=C(C=C3)F)C4=C(C=CC=C4F)F)N)O,8.42
P11309,C[C@H]\1C[C@H](C[C@H](/C1=N/OC)N)C2=C(C=NC=C2)NC(=O)C3=NC(=C(C=C3)F)C4=C(C=CC=C4F)F,8.423333333
P11309,C[C@H]1C[C@H](C[C@H]([C@H]1C#N)N)C2=C(C=NC=C2)NC(=O)C3=NC(=C(C=C3)F)C4=C(C=CC=C4F)F,8.433333333
P11309,C[C@H]1C[C@H](C[C@H]([C@H]1NC(=O)OC)N)C2=C(C=NC=C2)NC(=O)C3=NC(=C(C=C3)F)C4=C(C=C(C=C4F)OC)F,8.433333333
P11309,C1C[C@H](CN(C1)C2=C(C=CC=C2/C=C\3/C(=O)NC(=O)S3)C4=CC=NC=C4)N,8.46
P11309,CC(C)OC1=CC=CC(=C1N2CCC[C@H](C2)N)/C=C\3/C(=O)NC(=O)S3,8.46
P11309,C1CC(CCNC1)NC2=NC3=C(N2)C(=C(C(=C3Br)Br)Br)Br,8.46
P11309,CC1=C(C(=C(C=C1)F)C2=NC(=CC=C2)C(=O)NC3=C(C=CN=C3)[C@H]4C[C@H](CC(C4)(C)C)N)F,8.466666667
P11309,C1CC(=C[C@H]([C@H]1O)N)C2=C(C=NC=C2)NC(=O)C3=C(C=CC(=N3)C4=C(C=CC=C4F)F)N,8.466666667
P11309,C[C@H]1C[C@H](C[C@H](C1)N)C2=C(C=NC=C2)NC(=O)C3=NC(=C(C=C3)F)C4=C(C=C(C=C4)F)F,8.47
P11309,CN(C)CCNC1=NC(=CN=C1)C2=CC3=C(C=C2)NC=C3C4=NC(=NC=C4)N,8.47
P11309,CC(C)(COC1=C2C(=CC(=C1)F)C=CC(=N2)C3=NN=C4N3C=CC=C4)[C@H](CO)O,8.48
P11309,CC(C)NC(=O)C1=CC(=C(C=C1)F)C2=NC(=CS2)C(=O)NC3=C(C=CN=C3)N4CCC[C@@H](C4)N,8.49
P11309,C1CNCCC(C1OC2=C3C(=CC(=C2)F)C=CC(=N3)C4=NN=C5N4C=CC=C5)F,8.495
P11309,C1C[C@@H]([C@@H](C[C@@H]1C2=C(C=NC=C2)NC(=O)C3=NC(=C(C=C3N)F)C4=C(C=CC=C4F)F)N)O,8.498333333
P11309,C[C@H]1C[C@H](C[C@H]([C@H]1O)N)C2=C(C=NC=C2)NC(=O)C3=NC(=C(C=C3)F)C4=C(C=CC(=C4)C)F,8.5
P11309,CCCOC1=CC(=C(C=C1)F)C2=NC(=C(C=C2)N)C(=O)NC3=C(C=CN=C3)[C@@H]4CC[C@@H]([C@@H](C4)N)O,8.5
P11309,C[C@@H]1C[C@H](C[C@H]([C@H]1O)N)C2=C(C=NC=C2)NC(=O)C3=C(C=CC(=N3)C4=C(C=CC=C4F)F)N,8.5
P11309,C[C@H]1C[C@H](C[C@H]([C@H]1N(C)C(=O)OC)N)C2=C(C=NC=C2)NC(=O)C3=NC(=C(C=C3)F)C4=C(C=CC=C4F)F,8.5
P11309,C[C@H]1CN(C[C@H]([C@@H]1O)N)C2=C(C=NC=C2)NC(=O)C3=CC=CC(=N3)C4=CC=CC=C4F,8.506666667
P11309,C[C@@H]1C[C@@H](C[C@@H]([C@H]1O)N)C2=C(C=NC=C2)NC(=O)C3=C(C=CC(=N3)C4=C(C=CC=C4F)F)N,8.506666667
P11309,C[C@H]1C[C@H](C[C@H]([C@H]1O)N)C2=C(C=NC=C2)NC(=O)C3=NC(=C(C=C3N)F)C4=C(C=CC=C4F)F,8.506666667
P11309,CC[C@@H](CN)C(CC)OC1=CC=CC2=C1N=C(C=C2)C3=NN=C4N3C=CC=C4,8.52
P11309,C1CNCCC(C1OC2=CC=CC3=C2N=C(C=C3)C4=NN=C5N4C=CC=C5)F,8.52
P11309,CCNCC(C)(C)COC1=CC=CC2=C1N=C(C=C2)C3=NN=C4N3C=CC=C4,8.52
P11309,C1CNCC1NC2=NC(=CN=C2)C3=NNC4=C3C=C(C=C4)C5=C(C=CC=C5F)F,8.52
P11309,C1=CC(=CC(=C1)F)NC2=NC3=C(C=CC=C3C4=NC=NN4)C5=C2C=CS5,8.52
P11309,C1CC12CCNC[C@@H]2OC3=NC(=CN=C3)C4=NNC5=C4C=C(C=C5)C6=NC=CS6,8.52
P11309,CC1(CCN(CC1)CCO)COC2=CC=CC3=C2N=C(C=C3)C4=NN=C5N4C=CC=C5,8.52
P11309,C1CC12CCNC[C@@H]2OC3=NC(=CN=C3)C4=NNC5=C4C=C(C=C5)C6=C(N=CC=C6)F,8.52
P11309,C1CC(CN(C1)C2=NC(=CN=C2)C3=NNC4=C3C=C(C=C4)C5=C(C=CC=C5F)F)N,8.52
P11309,CN1CCCN(CC1)C(=O)C2=CC(=C(C=C2)F)C3=CC=C(O3)/C=C/4\C5=C(C=CC(=C5)Cl)NC4=O,8.52
P11309,C1CC(C(CNC1)F)OC2=CC=CC3=C2N=C(C=C3)C4=NN=C5N4C=CC=C5,8.52
P11309,CC1(CCNCC1OC2=NC(=CN=C2)C3=NNC4=C3C=C(C=C4)C5=C(C=CC=C5F)F)C,8.52
P11309,C1=CC2=NN=C(N2C=C1)C3=NC4=C(C=CC=C4OCCCN)C=C3,8.52
P11309,C1CNCC(C1OC2=CC=CC3=C2N=C(C=C3)C4=NN=C5N4C=C(C=C5)C6=CC=CC=C6)F,8.52
P11309,C1CCN(CC1)CCC(=O)NC2=CC(=C(C=C2)C3=NC(=O)C4=C(N3)C5=C(O4)C=CC(=C5)Br)Cl,8.52
P11309,C[C@H]1C[C@H](C[C@H](C1)N)C2=C(C=NC=C2)NC(=O)C3=CSC(=N3)C4=C(C=CC(=C4F)F)F,8.52
P11309,CN1C[C@@H]2CC[C@H]1CN2CC3=NC(=O)C4=C(N3)C5=C(O4)C=CC(=C5)Br,8.52
P11309,C=C1CCNCC1OC2=NC(=CN=C2)C3=NNC4=C3C=C(C=C4)C5=C(C=CC=C5F)F,8.52
P11309,C1CC(CCC1NC2=CC=CC3=C2N=C(C=C3)C4=NN=C5N4C=CC=C5)O,8.52
P11309,C1=CC(=C(C=C1CN)Cl)C2=NC(=O)C3=C(N2)C4=C(O3)C=CC(=C4)Br,8.52
P11309,C1=CC=C(C(=C1)NC2=NC3=C(C=CC=C3C4=NC=NN4)C5=C2C=CS5)Cl,8.52
P11309,C1CNC[C@H](C1OC2=CC=CC3=C2N=C(C=C3)C4=NN=C5N4C=CC=C5)F,8.52
P11309,C1C[C@H](C[C@H](C1)N)C2=C(C=NC=C2)NC(=O)C3=NC(=C(C=C3)F)C4=C(C=CC(=C4)O)F,8.523333333
P11309,CC1CC(C=C(C1)C2=C(C=NC=C2)NC(=O)C3=C(C=CC(=N3)C4=C(C=CC=C4F)F)N)O,8.54
P11309,C1CC[C@H]([C@@H](C1)N)NC2=NC3=C(C=NN3C=C2)C4=CC5=CC=CC=C5C=C4,8.54
P11309,C[C@H]1C[C@H](C[C@H]([C@H]1O)N)C2=C(C=NC=C2)NC(=O)C3=NC(=C(C=C3)F)C4=CC=CC=C4F,8.54
P11309,C[C@H]1C[C@H](C[C@H](C1)N)C2=C(C=NC=C2)NC(=O)C3=CC=CC(=N3)C4=C(C=CC(=C4)C)F,8.54
P11309,C[C@H]1C[C@H](C[C@H](C1)N)C2=C(C=NC=C2)NC(=O)C3=NC(=C(C=C3)F)C4=C(C=CC(=C4)F)F,8.54
P11309,CCN(CC)CCNC1=NC(=CN=C1)C2=CC3=C(C=C2)NC=C3C4=NC(=NC=C4)N,8.55
P11309,CC1=C(C(=C(C=C1)F)C2=NC(=CC=C2)C(=O)NC3=C(C=CN=C3)[C@@H]4CCC[C@@H](C4)N)F,8.553333333
P11309,C[C@H]1C[C@H](C[C@H]([C@H]1OC)N)C2=C(C=NC=C2)NC(=O)C3=CSC(=N3)C4=C(C=CC=C4F)F,8.553333333
P11309,C[C@H]1C[C@H](C[C@H](C1)N)C2=C(C=NC=C2)NC(=O)C3=CC=CC(=N3)C4=CC=CC=C4F,8.556666667
P11309,CCCOC1=CC(=C(C=C1)F)C2=C(C=C(C(=N2)C(=O)NC3=C(C=CN=C3)[C@@H]4CC[C@@H]([C@@H](C4)N)O)N)F,8.556666667
P11309,CC1=C(C(=C(C=C1)F)C2=C(C=CC(=N2)C(=O)NC3=C(C=CN=C3)[C@@H]4CCC[C@@H](C4)N)F)F,8.556666667
P11309,CC1=CC(=C(C=C1)F)C2=NC(=CC=C2)C(=O)NC3=C(C=CN=C3)[C@@H]4C[C@@H](C[C@@H](C4)N)C(F)(F)F,8.556666667
P11309,C[C@H]1C[C@H](C[C@H](C1)N)C2=C(C=NC=C2)NC(=O)C3=NC(=C(C=C3N)F)C4=C(C=CC=C4F)F,8.5625
P11309,CC1=C(C(=C(C=C1)F)C2=C(C=CC(=N2)C(=O)NC3=C(C=CN=C3)[C@H]4C[C@H](CC(C4)(C)C)N)F)F,8.566666667
P11309,C[C@H]1C[C@H](C[C@H]([C@H]1F)N)C2=C(C=NC=C2)NC(=O)C3=NC(=C(C=C3)F)C4=C(C=CC=C4F)F,8.566666667
P11309,C[C@H]1C[C@H](C[C@H]([C@H]1N(C)C(=O)OC)N)C2=C(C=NC=C2)NC(=O)C3=NC(=C(C=C3)F)C4=C(C=C(C=C4F)C)F,8.57
P11309,C[C@H]1C[C@H](C[C@H]([C@H]1N2C=CN=N2)N)C3=C(C=NC=C3)NC(=O)C4=NC(=C(C=C4)F)C5=C(C=C(C=C5F)C6(CCOCC6)F)F,8.57
P11309,C[C@H]1C[C@H](C[C@H]([C@H]1OS(=O)(=O)C)N)C2=C(C=NC=C2)NC(=O)C3=NC(=C(C=C3)F)C4=C(C=CC=C4F)F,8.58
P11309,C[C@H]1C[C@H](C[C@H](C1)N)C2=C(C=NC=C2)NC(=O)C3=CC=CC(=N3)C4=C(C=CC(=C4)O)F,8.58
P11309,C[C@H]\1C[C@H](C[C@H](/C1=N\O)N)C2=C(C=NC=C2)NC(=O)C3=NC(=C(C=C3)F)C4=C(C=CC=C4F)F,8.583333333
P11309,C[C@H]1C[C@H](C[C@H]([C@H]1N=[N+]=[N-])N)C2=C(C=NC=C2)NC(=O)C3=NC(=C(C=C3)F)C4=C(C=CC=C4F)F,8.593333333
P11309,C[C@H]1C[C@H](C[C@H]([C@H]1S(=O)(=O)C)N)C2=C(C=NC=C2)NC(=O)C3=NC(=C(C=C3)F)C4=C(C=C(C=C4F)C5(CCOCC5)F)F,8.593333333
P11309,C[C@H]1C[C@H](C[C@H]([C@H]1NC(=O)OC)N)C2=C(C=NC=C2)NC(=O)C3=NC(=C(C=C3)F)C4=C(C=C(C=C4F)OC5CCOCC5)F,8.596666667
P11309,C1C[C@H](C[C@H](C1)N)C2=C(C=NC=C2)NC(=O)C3=CC=CC(=N3)C4=C(C=CC(=C4)O)F,8.6
P11309,C[C@H]1C[C@H](C[C@H]([C@H]1O)N)C2=C(C=NC=C2)NC(=O)C3=C(C=CC(=N3)C4=C(C=CC=C4F)F)N,8.606666667
P11309,C[C@H]1C[C@H](C[C@H](C1)N)C2=C(C=NC=C2)NC(=O)C3=NC(=C(C=C3)F)C4=C(C(=CC=C4)F)F,8.606666667
P11309,C[C@H]1C[C@H](C[C@H]([C@@H]1OC)N)C2=C(C=NC=C2)NC(=O)C3=C(C=CC(=N3)C4=C(C=CC(=C4)C(=O)NC(C)C)F)N,8.616666667
P11309,C[C@H]1C[C@H](C[C@H]([C@H]1NC(=O)OC)N)C2=C(C=NC=C2)NC(=O)C3=NC(=C(C=C3)F)C4=C(C=C(C=C4F)C5(CCC5)O)F,8.62
P11309,C[C@@H]1C[C@@H](C[C@@H]([C@@H]1N(C)C(=O)OC)N)C2=C(C=NC=C2)NC(=O)C3=C(SC(=N3)C4=C(C=CC=C4F)F)N,8.63
P11309,C[C@H]1C[C@H](C[C@H]([C@@H]1O)O)C2=C(C=NC=C2)NC(=O)C3=NC(=C(C=C3)F)C4=C(C=CC=C4F)F,8.64
P11309,C[C@H]1C[C@H](C[C@H]([C@@H]1O)N)C2=C(C=NC=C2)NC(=O)C3=NC(=C(C=C3)F)C4=C(C=CC(=C4F)OC)F,8.64
P11309,C[C@H]1CN(C[C@H]([C@@H]1O)N)C2=C(C=NC=C2)NC(=O)C3=CC=CC(=N3)C4=C(C=CC(=C4F)C)F,8.64
P11309,C[C@H]1C[C@H](C[C@H](C1)N)C2=C(C=NC=C2)NC(=O)C3=C(C=CC(=N3)C4=C(C=CC(=C4)O)F)F,8.64
P11309,CCC(CC)(CO)COC1=CC=CC2=C1N=C(C=C2)C3=NN=C4N3C=CC=C4,8.64
P11309,C1=CC=C(C(=C1)NC2=C3C=CN=CC3=C4C=CC=C(C4=N2)C5=NC=NN5)Cl,8.65
P11309,CC(C)(COC1=CC=CC2=C1N=C(C=C2)C3=NN=C4N3C=CC=C4)[C@H](CO)O,8.66
P11309,C[C@H]1CN(C[C@H]([C@H]1C#N)N)C2=C(C=NC=C2)NC(=O)C3=NC(=C(C=C3)F)C4=C(C=C(C=C4F)C)F,8.68
P11309,CCOCC1=CC(=C(C(=C1)F)C2=C(C=CC(=N2)C(=O)NC3=C(C=CN=C3)[C@@H]4C[C@@H]([C@@H]([C@@H](C4)N)S(=O)(=O)C)C)F)F,8.693333333
P11309,C1=CC2=C3C=NC=CC3=C(N=C2C(=C1)C4=NC=NN4)NC5=C(C=CC=C5F)F,8.7
P11309,CC(C)COC1=CC=CC2=C1N=C(C=C2)C3=NN=C4N3C=CC(=C4)CN,8.7
P11309,C1C[C@@H]([C@@H](C[C@@H]1C2=C(C=NC=C2)NC(=O)C3=C(C=CC(=N3)C4=C(C=CC=C4F)F)N)N)O,8.7
P11309,C1CNCCC1COC2=CC=CC3=C2N=C(C=C3)C4=NN=C5N4C=CC=C5,8.7
P11309,CC(C)(C)COC1=CC=CC2=C1N=C(C=C2)C3=NN=C4N3C=CC=C4,8.7
P11309,C[C@H]1CN(C[C@H]([C@@H]1O)N)C2=C(C=NC=C2)NC(=O)C3=NC(=C(C=C3)F)C4=C(C=NC=C4)F,8.7
P11309,COC1=C(C2=C(C=C1)C(=O)/C(=C/C3=CNC4=C3C=CC=N4)/O2)CN5CCNCC5,8.7
P11309,C1CN(CCC1(COC2=CC=CC3=C2N=C(C=C3)C4=NN=C5N4C=CC=C5)F)CCO,8.7
P11309,CC1(C[C@H](C[C@H](C1)N)C2=C(C=NC=C2)NC(=O)C3=NC(=C(C=C3)F)C4=C(C=C(C=C4F)OC)F)C,8.7
P11309,C1[C@@H](CN(CC1(F)F)C2=C(C=NC=C2)NC(=O)C3=CSC(=N3)C4=C(C=CC=C4F)F)N,8.7
P11309,CC(C)[C@@H](COC1=NC(=CN=C1)C2=CC3=C(C=C2)NC=C3C4=C(N=C(C=C4)N)F)N,8.7
P11309,C1CNCCC1NC2=NC(=CN=C2)C3=NNC4=C3C=C(C=C4)C5=C(C=CC=C5F)F,8.7
P11309,C1CN(CCN1)C2=NC(=CN=C2)C3=CC4=C(C=C3)NC=C4C5=C(N=C(C=C5)N)F,8.7
P11309,C1C[C@@H](CN(C1)C2=C(C=NC=C2)NC(=O)C3=CSC(=N3)C4=CC=CC=C4)N,8.7
P11309,C1CC(CNC1)NC2=NC(=CN=C2)C3=NNC4=C3C=C(C=C4)C5=C(C=CC=C5F)F,8.7
P11309,C1C[C@@H]([C@@H](C[C@@H]1C2=C(C=NC=C2)NC(=O)C3=NC(=C(C=C3N)F)C4=CC=CC=C4F)N)O,8.7
P11309,C[C@@H](COC1=NC(=CN=C1)C2=CC3=C(C=C2)NC=C3C4=C(N=C(C=C4)N)F)N,8.7
P11309,C1=CC2=C(C(=C1)C3=NC=NN3)N=C(C4=C2SC=C4)NC5=C(C=C(C=C5)F)F,8.7
P11309,C1CN(C[C@H]([C@@H]1O)N)C2=C(C=NC=C2)NC(=O)C3=CSC(=N3)C4=C(C=CC=C4F)F,8.7
P11309,CC[C@@H](COC1=NC(=CN=C1)C2=CC3=C(C=C2)NC=C3C4=C(N=C(C=C4)N)F)N,8.7
P11309,C[C@H]1C[C@H](C[C@H](C1)O)C2=C(C=NC=C2)NC(=O)C3=CSC(=N3)C4=C(C=CC=C4F)F,8.7
P11309,C1CC1C2=CN3C(=NN=C3C4=NC5=C(C=CC=C5OC6CCNCC6F)C=C4)C=C2,8.7
P11309,C1CC12CCNC[C@@H]2OC3=NC(=CN=C3)C4=NNC5=C4C=C(C=C5)C6=C(C=CN=C6)F,8.7
P11309,CN1CCN(CC1)C2=CC(=C(C=C2)NC3=C4C=CN=CC4=C5C=CC=C(C5=N3)C6=NC=NN6)Cl,8.7
P11309,C1CN(C[C@H]([C@@H]1F)N)C2=C(C=NC=C2)NC(=O)C3=CSC(=N3)C4=C(C=CC=C4F)F,8.7
P11309,C1=CC2=C(C=CS2)C=C1C3=C4N=C(C=CN4N=C3)NCCN,8.7
P11309,CC(C)(C)[C@@H](COC1=NC(=CN=C1)C2=CC3=C(C=C2)NC=C3C4=C(N=C(C=C4)N)F)N,8.7
P11309,C1COCCN1CCOC2=CC(=C(C=C2)NC3=C4C=CN=CC4=C5C=CC=C(C5=N3)C6=NC=NN6)Cl,8.7
P11309,CN1CCC(CC1)(COC2=CC=CC3=C2N=C(C=C3)C4=NN=C5N4C=CC=C5)F,8.7
P11309,C1CN(CCC1N)C2=NC(=CN=C2)C3=NNC4=C3C=C(C=C4)C5=C(C=CC=C5F)F,8.7
P11309,C1CC(CN(C1)C2=NC(=CN=C2)C3=CC4=C(C=C3)NC=C4C5=C(N=C(C=C5)N)F)N,8.7
P11309,C1=CC=C(C(=C1)NC2=NC3=C(C=CC=C3C4=NC=NN4)C5=C2C=CS5)F,8.7
P11309,CC(C)(CNC)COC1=CC=CC2=C1N=C(C=C2)C3=NN=C4N3C=CC=C4,8.7
P11309,CC1CC(CN(C1)C2=C(C=NC=C2)NC(=O)C3=CSC(=N3)C4=C(C=CC=C4F)F)N,8.7
P11309,C1=CC=C(C=C1)[C@H](COC2=NC(=CN=C2)C3=CC4=C(C=C3)NC=C4C5=C(N=C(C=C5)N)F)N,8.7
P11309,C1=CC=C(C=C1)[C@@H](COC2=NC(=CN=C2)C3=CC4=C(C=C3)NC=C4C5=C(N=C(C=C5)N)F)N,8.7
P11309,CN1CCN(CC1)C[C@H](C2CCCCC2)NC(=O)C[C@H]3CNC(=O)C4=CC(=CN34)C5=C(C=CC(=C5)Cl)F,8.7
P11309,COC1=C(C2=C(C=C1)C(=O)/C(=C/C3=CNC4=CC=CC=C43)/O2)CN5CCNCC5,8.7
P11309,C1C[C@H](C[C@H](C1)N)C2=C(C=NC=C2)NC(=O)C3=NC(=C(C=C3)F)C4=C(C=CC=C4F)F,8.705
P11309,CN1CCC(C(CC1)F)OC2=CC=CC3=C2N=C(C=C3)C4=NN=C5N4C=CC=C5,8.705
P11309,CN1C(=C(C=N1)NC(=O)C2=C(SC(=N2)C3=C(C=CC=C3F)F)N)OC4CCNCC4,8.71
P11309,C[C@H]1C[C@H](C[C@H]([C@H]1S(=O)(=O)C)N)C2=C(C=NC=C2)NC(=O)C3=C(C=CC(=N3)C4=C(C=CC(=C4)C(=O)NC(C)C)F)N,8.713333333
P11309,C1C[C@@H](CN(C1)C2=C(C=NC=C2)NC(=O)C3=CSC(=N3)C4=CC=CC=C4F)N,8.72
P11309,CN1C(=C(C=N1)NC(=O)C2=C(C=CC(=N2)C3=CC=CC=C3F)N)N4CC[C@H](C4)N,8.72
P11309,COC1=CN2C(=NN=C2C3=NC4=C(C=C(C=C4C=C3)F)OCC5(CCNCC5)F)C=C1,8.72
P11309,C[C@H]1C[C@H](C[C@H]([C@H]1S(=O)(=O)C)N)C2=C(C=NC=C2)NC(=O)C3=NC(=C(C=C3N)F)C4=C(C=CC=C4F)F,8.73
P11309,C[C@H]1CN(C[C@H]([C@H]1C#N)N)C2=C(C=NC=C2)NC(=O)C3=NC(=C(C=C3)F)C4=C(C=CC=C4F)F,8.733333333
P11309,C[C@H]1C[C@H](C[C@H]([C@H]1S(=O)(=O)CCOC)N)C2=C(C=NC=C2)NC(=O)C3=NC(=C(C=C3)F)C4=C(C=CC=C4F)F,8.733333333
P11309,C[C@H]1C[C@H](C[C@H]([C@H]1NC(=O)OC)N)C2=C(C=NC=C2)NC(=O)C3=NC(=C(C=C3)F)C4=C(C=C(C=C4F)C)F,8.733333333
P11309,C[C@H]1C[C@H](C[C@H](C1)N)C2=C(C=NC=C2)NC(=O)C3=NC(=C(C=C3)F)C4=C(C=CC(=C4F)C)F,8.74
P11309,C[C@H]1C[C@H](C[C@H](C1)N)C2=C(C=NC=C2)NC(=O)C3=NC(=C(C=C3)F)C4=C(C=CC(=C4F)F)F,8.74
P11309,C[C@H]1C[C@H](C[C@H]([C@H]1O)N)C2=C(C=NC=C2)NC(=O)C3=NC(=C(C=C3)F)C4=C(C=CC=C4F)F,8.74
P11309,CC1(C[C@H](C[C@H](C1)N)C2=C(C=NC=C2)NC(=O)C3=NC(=C(C=C3)F)C4=C(C=CC=C4F)F)C,8.74
P11309,C[C@H]1C[C@H](C[C@H]([C@H]1O)N)C2=C(C=NC=C2)NC(=O)C3=NC(=C(C=C3)F)C4=C(C=CC(=C4F)C)F,8.74
P11309,C[C@H]1C[C@H](C[C@H](C1)N)C2=C(C=NC=C2)NC(=O)C3=NC(=C(C=C3)F)C4=C(C=CC(=C4)C)F,8.74
P11309,C[C@H]1C[C@H](C[C@H]([C@H]1O)N)C2=C(C=NC=C2)NC(=O)C3=CC=CC(=N3)C4=C(C=CC=C4F)F,8.74
P11309,C[C@H]1C[C@H](C[C@H]([C@@H]1O)N)C2=C(C=NC=C2)NC(=O)C3=CC=CC(=N3)C4=C(C=CC=C4F)F,8.74
P11309,C[C@H]1CN(C[C@H]([C@@H]1O)N)C2=C(C=NC=C2)NC(=O)C3=NC(=C(C=C3)F)C4=C(C=CC(=C4F)C)F,8.74
P11309,C[C@H]1C[C@H](C[C@H](C1)N)C2=C(C=NC=C2)NC(=O)C3=CC=CC(=N3)C4=C(C=CC=C4F)F,8.74
P11309,C[C@H]1C[C@H](C[C@H]([C@H]1OCCC#N)N)C2=C(C=NC=C2)NC(=O)C3=NC(=C(C=C3)F)C4=C(C=C(C=C4F)C5COC5)F,8.74
P11309,C[C@H]1C[C@H](C[C@H]([C@@H]1SC)N)C2=C(C=NC=C2)NC(=O)C3=NC(=C(C=C3)F)C4=C(C=CC=C4F)F,8.743333333
P11309,C[C@H]1C[C@H](C[C@H]([C@H]1NC(=O)OC)N)C2=C(C=NC=C2)NC(=O)C3=NC(=C(C=C3)F)C4=C(C=C(C=C4F)OC(C)C)F,8.75
P11309,C[C@H]1C[C@H](C[C@H]([C@H]1N2C=CN=N2)N)C3=C(C=NC=C3)NC(=O)C4=C(C=CC(=N4)C5=C(C=CC(=C5)C(=O)NC(C)C)F)N,8.753333333
P11309,C[C@H]1CN(C[C@H]([C@@H]1O)O)C2=C(C=NC=C2)NC(=O)C3=NC(=C(C=C3)F)C4=CC=CC=C4F,8.76
P11309,C[C@H]1CN(C[C@H]([C@@H]1O)N)C2=C(C=NC=C2)NC(=O)C3=NC(=C(C=C3)F)C4CCCCC4,8.76
P11309,C[C@H]1CN(C[C@H]([C@H]1NC(=O)OC)N)C2=C(C=NC=C2)NC(=O)C3=NC(=C(C=C3)F)C4=C(C=C(C=C4F)C5COC5)F,8.77
P11309,C[C@H]1C[C@H](C[C@H](C1)N)C2=C(C=NC=C2)NC(=O)C3=NC(=C(C=C3)F)C4=CC=CC=C4F,8.775
P11309,C1CNCCC1NC2=CC=CC3=C2N=C(C=C3)C4=NN=C5N4C=CC=C5,8.8
P11309,C1CC(CNC1)(COC2=CC=CC3=C2N=C(C=C3)C4=NN=C5N4C=CC=C5)F,8.8
P11309,CCN1CCCC1CNC2=NC3=C(C=NN3C=C2)C4=CC5=CC=CC=C5C=C4,8.8
P11309,C1CC1CC2(CCNCC2)COC3=CC=CC4=C3N=C(C=C4)C5=NN=C6N5C=CC=C6,8.8
P11309,C1CC12CCNC[C@@H]2OC3=NC(=CN=C3)C4=NNC5=C4C=C(C=C5)C6=CC=CC=C6,8.8
P11309,C[C@H]1C[C@H](C[C@H]([C@H]1OC)N)C2=C(C=NC=C2)NC(=O)C3=NC(=NC=C3N)C4=C(C=CC=C4F)F,8.803333333
P11309,C[C@H]1C[C@H](C[C@H]([C@@H]1O)N)C2=C(C=NC=C2)NC(=O)C3=NC(=C(C=C3)F)C4=C(C=CC=C4F)F,8.805
P11309,C1=CC=C2C=C(C=CC2=C1)C3=C4N=C(C=CN4N=C3)NCCN,8.82
P11309,CC(C)(CN)COC1=CC=CC2=C1N=C(C=C2)C3=NN=C4N3C=CC=C4,8.82
P11309,C[C@H]1C[C@H](C[C@H]([C@H]1S(=O)(=O)C)N)C2=C(C=NC=C2)NC(=O)C3=NC(=C(C=C3)F)C4=C(C=C(C=C4F)OCCOC)F,8.823333333
P11309,C[C@H]1C[C@H](C[C@H]([C@H]1S(=O)(=O)C)N)C2=C(C=NC=C2)NC(=O)C3=NC(=C(C=C3)F)C4=C(C=C(C=C4F)C5(CCOCC5)O)F,8.836666667
P11309,CS(=O)(=O)C1=CC(=C(C=C1)C2=CC3=C(C=C2)NN=C3C4=CN=CC(=N4)O[C@H]5CNCCC56CC6)F,8.85
P11309,C1CNCCC1(COC2=CC=CC3=C2N=C(C=C3)C4=NN=C5N4C=C(C=C5)F)F,8.85
P11309,C[C@H]1CN(C[C@H]([C@@H]1O)N)C2=C(C=NC=C2)NC(=O)C3=CC=CC(=N3)C4=C(C=CC=C4F)F,8.85
P11309,C1C[C@H](C[C@H](C1)N)C2=C(C=NC=C2)NC(=O)C3=NC(=C(C=C3)F)C4=C(C=CC(=C4F)O)F,8.85
P11309,C[C@H]1C[C@H](C[C@H]([C@@H]1O)N)C2=C(C=NC=C2)NC(=O)C3=NC(=C(C=C3)F)C4=C(C=CC(=C4F)C)F,8.85
P11309,C[C@H]1C[C@H](C[C@H](C1)N)C2=C(C=NC=C2)NC(=O)C3=NC(=C(C=C3)F)C4=C(C=CC(=C4)OC)F,8.85
P11309,C1C[C@H](C[C@H](C1)N)C2=C(C=NC=C2)NC(=O)C3=CSC(=N3)C4=C(C=CC=C4F)F,8.85
P11309,C[C@H]1CN(C[C@H]([C@@H]1O)N)C2=C(C=NC=C2)NC(=O)C3=C(C=CC(=N3)C4=C(C=CC=C4F)F)F,8.85
P11309,COC1(CCCN(CC1)CCO)COC2=C3C(=CC(=C2)F)C=CC(=N3)C4=NN=C5N4C=CC=C5,8.85
P11309,C[C@H]1CN(C[C@H]([C@@H]1O)N)C2=C(C=NC=C2)NC(=O)C3=NC(=C(C=C3)F)C4=CC=CC=C4F,8.85
P11309,C[C@H]1C[C@H](C[C@H]([C@@H]1O)O)C2=C(C=NC=C2)NC(=O)C3=NC(=C(C=C3N)F)C4=C(C=CC=C4F)F,8.85
P11309,C[C@H]1C[C@H](C[C@H](C1)N)C2=C(C=NC=C2)NC(=O)C3=NC(=C(C=C3)F)C4=C(C=CC(=C4)O)F,8.85
P11309,C[C@H]1CN(C[C@H]([C@@H]1O)O)C2=C(C=NC=C2)NC(=O)C3=CC=CC(=N3)C4=C(C=CC=C4F)F,8.85
P11309,COC1=CC(=C(C(=C1)F)C2=NC(=CC=C2)C(=O)NC3=C(C=CN=C3)[C@@H]4C[C@@H](C[C@@H](C4)N)C(F)(F)F)F,8.85
P11309,C[C@H]1C[C@H](C[C@H]([C@H]1S(=O)(=O)C)N)C2=C(C=NC=C2)NC(=O)C3=NC(=C(C=C3)F)C4=C(C=C(C=C4F)OC)F,8.87
P11309,C[C@H]\1C[C@H](C[C@H](/C1=N\OC)N)C2=C(C=NC=C2)NC(=O)C3=NC(=C(C=C3)F)C4=C(C=CC=C4F)F,8.886666667
P11309,CCC1(CCNCC1)COC2=CC=CC3=C2N=C(C=C3)C4=NN=C5N4C=CC=C5,8.89
P11309,CC1=NN=C(O1)C2=CC=CC(=C2)C3=C4N=C(C=CN4N=C3)NCCN,8.89
P11309,C[C@H]1C[C@H](C[C@H]([C@H]1S(=O)(=O)C)N)C2=C(C=NC=C2)NC(=O)C3=NC(=C(C=C3)F)C4=C(C=C(C=C4F)OC5CCOCC5)F,8.893333333
P11309,C[C@H]1CN(C[C@H]([C@H]1NC(=O)OC)N)C2=C(C=NC=C2)NC(=O)C3=C(C=CC(=N3)C4=C(C=CC(=C4)C(=O)NC(C)C)F)N,8.91
P11309,CN1C(=C(C=N1)NC(=O)C2=C(SC(=N2)C3=CC=CC=C3F)N)N4CCC[C@@H](C4)N,8.91
P11309,C[C@H]1C[C@H](C[C@H]([C@H]1OC)N)C2=C(C=NC=C2)NC(=O)C3=NC(=C(C=C3)F)C4=C(C=CC=C4F)F,8.92
P11309,CN1C(=C(C=N1)NC(=O)C2=C(SC(=N2)C3=C(C=CC=C3F)F)N)OCC4CCNCC4,8.94
P11309,C[C@H]1CN(C[C@H]([C@H]1NS(=O)(=O)C)N)C2=C(C=NC=C2)NC(=O)C3=NC(=C(C=C3)F)C4=C(C=CC=C4F)F,8.95
P11309,C[C@H]1C[C@H](C[C@H]([C@H]1S(=O)(=O)C)N)C2=C(C=NC=C2)NC(=O)C3=NC(=C(C=C3)F)C4=C(C=CC=C4F)F,8.956666667
P11309,C[C@H]1C[C@H](C[C@H]([C@H]1OCCS(=O)(=O)C)N)C2=C(C=NC=C2)NC(=O)C3=C(C=CC(=N3)C4=C(C=CC(=C4)C(=O)NC(C)C)F)N,8.976666667
P11309,C[C@H]1C[C@H](C[C@H]([C@H]1S(=O)(=O)C)N)C2=C(C=NC=C2)NC(=O)C3=NC(=C(C=C3)F)C4=C(C=C(C=C4F)C5(CCC5)O)F,8.99
P11309,C[C@H]1CN(C[C@H]([C@@H]1O)O)C2=C(C=NC=C2)NC(=O)C3=NC(=C(C=C3)F)C4=C(C=CC=C4F)F,9
P11309,C1C[C@@H](CN(C1)C2=C(C=NC=C2)NC(=O)C3=CSC(=N3)C4=C(C=CC=C4F)F)N,9
P11309,C1[C@H](C[C@H](C[C@H]1C(F)(F)F)N)C2=C(C=NC=C2)NC(=O)C3=C(C=CC(=N3)C4=C(C=CC=C4F)F)N,9
P11309,C1CC12CCNCC2OC3=NC(=CN=C3)C4=NNC5=C4C=C(C=C5)C6=C(C=CC=C6F)F,9
P11309,C1C[C@H](C[C@H](C1)N)C2=C(C=NC=C2)NC(=O)C3=C(SC(=N3)C4=C(C=CC=C4F)F)N,9
P11309,C1CNCCC1OC2=C(C=NC=C2)NC(=O)C3=CSC(=N3)C4=C(C=CC=C4F)F,9
P11309,C1CC(CNC1)COC2=CC=CC3=C2N=C(C=C3)C4=NN=C5N4C=CC=C5,9
P11309,C1C[C@H](C[C@H](C1)N)C2=C(C=NC=C2)NC(=O)C3=NC(=C(C=C3N)F)C4=C(C=CC=C4F)F,9
P11309,CC1(C[C@H](C[C@H](C1)N)C2=C(C=NC=C2)NC(=O)C3=CSC(=N3)C4=C(C=CC=C4F)F)C,9
P11309,C1[C@H](C[C@H](C[C@H]1C(F)(F)F)N)C2=C(C=NC=C2)NC(=O)C3=NC(=C(C=C3N)F)C4=C(C=CC=C4F)F,9
P11309,CCOC1=C(C(=C(C=C1)F)C2=NC(=CS2)C(=O)NC3=C(C=CN=C3)[C@@H]4C[C@@H](C[C@@H](C4)N)C)F,9
P11309,C1CN(C[C@H]([C@H]1O)N)C2=C(C=NC=C2)NC(=O)C3=CSC(=N3)C4=C(C=CC=C4F)F,9
P11309,C[C@H]1C[C@H](C[C@H](C1)N)C2=C(C=NC=C2)NC(=O)C3=CSC(=N3)C4=C(C=CC(=C4F)OC(C)C)F,9
P11309,C1COCCC1COC2=C(C=NC=C2)NC(=O)C3=CSC(=N3)C4=C(C=CC=C4F)F,9
P11309,CC1=CC2=NN=C(N2C=C1)C3=NC4=C(C=CC=C4OCC5(CCNCC5)OC)C=C3,9
P11309,C[C@H]1CN(C[C@H]([C@@H]1O)N)C2=C(C=NC=C2)NC(=O)C3=NC(=C(C=C3)F)C4=C(C=CC=C4F)F,9
P11309,C1C[C@@H](CN(C1)C2=C(C=NC=C2)NC(=O)C3=C(SC(=N3)C4=C(C=CC=C4F)F)N)N,9
P11309,C1[C@H](CN(C[C@H]1N)C2=C(C=NC=C2)NC(=O)C3=CSC(=N3)C4=C(C=CC=C4F)F)C(F)(F)F,9
P11309,C1C(CN(CC1N)C2=C(C=NC=C2)NC(=O)C3=CSC(=N3)C4=C(C=CC=C4F)F)C(F)(F)F,9
P11309,C[C@H]1C[C@H](C[C@H](C1)N)C2=C(C=NC=C2)NC(=O)C3=CSC(=N3)C4=C(C=CC(=C4F)Cl)F,9
P11309,C[C@H]1CN(C[C@H]([C@@H]1O)N)C2=C(C=NC=C2)NC(=O)C3=NC(=C(C=C3N)F)C4=C(C=CC=C4F)F,9
P11309,C1CNC[C@H]1OC2=C(C=NC=C2)NC(=O)C3=C(SC(=N3)C4=C(C=CC=C4F)F)N,9
P11309,C1CCC(CC1)OC2=C(C=NC=C2)NC(=O)C3=CSC(=N3)C4=C(C=CC=C4F)F,9
P11309,CC(C)(CCN)COC1=CC=CC2=C1N=C(C=C2)C3=NN=C4N3C=CC=C4,9
P11309,CC1CCN(CC1N)C2=C(C=NC=C2)NC(=O)C3=CSC(=N3)C4=C(C=CC=C4F)F,9
P11309,C[C@H]1C[C@H](C[C@H](C1)O)C2=C(C=NC=C2)NC(=O)C3=C(SC(=N3)C4=C(C=CC=C4F)F)N,9
P11309,C[C@H]1C[C@H](C[C@H](C1)N)C2=C(C=NC=C2)NC(=O)C3=NC(=C(C=C3)F)C4=C(C=CC(=C4F)O)F,9
P11309,CN(C)C1CCN(CC1)C[C@H](C2CCCCC2)NC(=O)C[C@H]3CNC(=O)C4=CC(=CN34)C5=CC(=CC=C5)Cl,9
P11309,C1C(CN(CC1N)C2=C(C=NC=C2)NC(=O)C3=CSC(=N3)C4=C(C=CC=C4F)F)CF,9
P11309,COC1(CCCNCC1)COC2=CC=CC3=C2N=C(C=C3)C4=NN=C5N4C=CC=C5,9
P11309,C1C[C@@H](CN(C1)C2=C(C=NC=C2)NC(=O)C3=C(C=CC(=N3)C4=CC=CC=C4F)N)N,9
P11309,C1C[C@@H]([C@@H](C[C@@H]1C2=C(C=NC=C2)NC(=O)C3=C(SC(=N3)C4=C(C=CC=C4F)F)N)N)O,9
P11309,C[C@@H]1C[C@@H](CN(C1)C2=C(C=NC=C2)NC(=O)C3=CSC(=N3)C4=C(C=CC=C4F)F)N,9
P11309,C[C@H]1C[C@H](C[C@H](C1)N)C2=C(C=NC=C2)NC(=O)C3=CSC(=N3)C4=C(C=CC(=C4F)OC)F,9
P11309,C1CN(CCC1F)C2=C(C=NC=C2)NC(=O)C3=C(SC(=N3)C4=C(C=CC=C4F)F)N,9
P11309,C[C@H]1C[C@H](C[C@H](C1)N)C2=C(C=NC=C2)NC(=O)C3=CSC(=N3)C4=C(C=CC=C4F)F,9
P11309,C[C@H]1CN(C[C@H]([C@@H]1O)N)C2=C(C=NC=C2)NC(=O)C3=CSC(=N3)C4=C(C=CC=C4F)F,9
P11309,CC[C@@H]1C[C@@H](CN(C1)C2=C(C=NC=C2)NC(=O)C3=CSC(=N3)C4=C(C=CC=C4F)F)N,9
P11309,CC1(CCNCC1)COC2=CC=CC3=C2N=C(C=C3)C4=NN=C5N4C=CC=C5,9.02
P11309,COC1(CCNCC1)COC2=CC=CC3=C2N=C(C=C3)C4=NN=C5N4C=CC=C5,9.02
P11309,C[C@H]1C[C@H](C[C@H]([C@@H]1OC)N)C2=C(C=NC=C2)NC(=O)C3=NC(=C(C=C3)F)C4=C(C=CC=C4F)F,9.026666667
P11309,C[C@H]1CN(C[C@H]([C@H]1N2C=CN=N2)N)C3=C(C=NC=C3)NC(=O)C4=C(C=CC(=N4)C5=C(C=CC(=C5)C(=O)NC(C)C)F)N,9.04
P11309,C[C@H]1C[C@H](C[C@H]([C@H]1S(=O)(=O)C)N)C2=C(C=NC=C2)NC(=O)C3=NC(=C(C=C3)F)C4=C(C=C(C=C4F)C)F,9.043333333
P11309,CCOCC1=CC(=C(C(=C1)F)C2=C(C=CC(=N2)C(=O)NC3=C(C=CN=C3)[C@@H]4C[C@@H]([C@@H]([C@@H](C4)N)OC)C)F)F,9.043333333
P11309,C[C@H]1CN(C[C@H]([C@H]1C#N)N)C2=C(C=NC=C2)NC(=O)C3=C(SC(=N3)C4=C(C=CC=C4F)F)N,9.046666667
P11309,C1CC12CCNC[C@@H]2OC3=NC(=CN=C3)C4=NNC5=C4C=C(C=C5)C6=CC=CC=C6F,9.05
P11309,CN1C(=C(C=N1)NC(=O)C2=NC(=C(C=C2)F)C3=C(C=CC=C3F)F)N4CCC[C@H](CC4)N,9.05
P11309,CC1=CC2=NN=C(N2C=C1)C3=NC4=C(C=CC=C4OCC(C)(C)CN)C=C3,9.05
P11309,C[C@H]1C[C@H](C[C@H]([C@H]1OCCS(=O)(=O)C)N)C2=C(C=NC=C2)NC(=O)C3=NC(=C(C=C3)F)C4=C(C=C(C=C4F)C5(CCOCC5)F)F,9.056666667
P11309,CCOCC1=CC(=C(C(=C1)F)C2=C(C=CC(=N2)C(=O)NC3=C(C=CN=C3)[C@@H]4C[C@@H]([C@@H]([C@@H](C4)N)N5C=CN=N5)C)F)F,9.066666667
P11309,C[C@H]1C[C@H](C[C@H]([C@H]1N2C=C(N=N2)C3CC3)N)C4=C(C=NC=C4)NC(=O)C5=NC(=C(C=C5)F)C6=C(C=CC=C6F)F,9.076666667
P11309,C[C@H]1C[C@H](C[C@H]([C@H]1S(=O)(=O)CCO)N)C2=C(C=NC=C2)NC(=O)C3=NC(=C(C=C3)F)C4=C(C=CC=C4F)F,9.093333333
P11309,C[C@H]1C[C@H](C[C@H]([C@H]1N2C=CN=N2)N)C3=C(C=NC=C3)NC(=O)C4=NC(=C(C=C4)F)C5=C(C=C(C=C5F)OC6CCOCC6)F,9.096666667
P11309,CC(C)(CN)COC1=CC=CC2=C1N=C(C=C2)C3=NN=C4N3C=C(C=C4)C5=CC=CC=C5,9.1
P11309,CC(C)(CO)COC1=CC=CC2=C1N=C(C=C2)C3=NN=C4N3C=CC=C4,9.1
P11309,C1CNCCC1(COC2=CC=CC3=C2N=C(C=C3)C4=NN=C5N4C=CC=C5)F,9.1
P11309,C[C@H]1CN(C[C@H]([C@H]1NC(=O)OC)N)C2=C(C=NC=C2)NC(=O)C3=NC(=C(C=C3)F)C4=C(C=C(C=C4F)C5(CCOCC5)F)F,9.1
P11309,C[C@H]1C[C@H](C[C@H]([C@H]1N2C=CN=N2)N)C3=C(C=NC=C3)NC(=O)C4=NC(=C(C=C4)F)C5=C(C=C(C=C5F)C6(CCOCC6)O)F,9.103333333
P11309,C[C@H]1C[C@H](C[C@H]([C@H]1OC)N)C2=C(C=NC=C2)NC(=O)C3=NC(=C(C=C3)F)C4=C(C=C(C=C4F)C5(CCOCC5)F)F,9.103333333
P11309,C[C@H]1C[C@H](C[C@H]([C@H]1NC(=O)OC)N)C2=C(C=NC=C2)NC(=O)C3=NC(=C(C=C3N)F)C4=C(C=CC=C4F)F,9.106666667
P11309,C[C@H]1C[C@H](C[C@H]([C@@H]1OC)N)C2=C(C=NC=C2)NC(=O)C3=NC(=C(C=C3)F)C4=C(C=C(C=C4F)C5(CCOCC5)F)F,9.116666667
P11309,CN1C(=C(C=N1)NC(=O)C2=C(C=CC(=N2)C3=CC=CC=C3)N)N4CCC(CC4)N,9.12
P11309,CC(C)C1(CCNCC1)COC2=CC=CC3=C2N=C(C=C3)C4=NN=C5N4C=CC=C5,9.12
P11309,C[C@H]1C[C@H](C[C@H]([C@H]1N2C=CN=N2)N)C3=C(C=NC=C3)NC(=O)C4=NC(=C(C=C4)F)C5=C(C=C(C=C5F)OCCOC)F,9.126666667
P11309,C[C@H]1C[C@H](C[C@H]([C@@H]1OC)N)C2=C(C=NC=C2)NC(=O)C3=NC(=C(C=C3)F)C4=C(C=C(C=C4F)OCCOC)F,9.126666667
P11309,C[C@H]1CN(C[C@H]([C@H]1N2C=C(N=N2)C3=CSC=C3)N)C4=C(C=NC=C4)NC(=O)C5=NC(=C(C=C5)F)C6=C(C=CC=C6F)F,9.133333333
P11309,C[C@H]1C[C@H](C[C@H]([C@H]1N2C=CN=N2)N)C3=C(C=NC=C3)NC(=O)C4=NC(=C(C=C4)F)C5=C(C=CC=C5F)F,9.14
P11309,C[C@H]1C[C@H](C[C@H]([C@H]1N2C=CN=N2)N)C3=C(C=NC=C3)NC(=O)C4=NC(=C(C=C4)F)C5=C(C=C(C=C5F)OC)F,9.143333333
P11309,C[C@H]1CN(C[C@H]([C@H]1NC(=O)OC)N)C2=C(C=NC=C2)NC(=O)C3=NC(=C(C=C3)F)C4=C(C=C(C=C4F)OCCOC)F,9.146666667
P11309,C1CC1C2=CN3C(=NN=C3C4=NC5=C(C=CC=C5OC6CCNCCC6F)C=C4)C=C2,9.15
P11309,CC(C)(CO)COC1=CC=CC2=C1N=C(C=C2)C3=NN=C4N3C=CC(=C4)CN,9.15
P11309,COC1(CCCNCC1)COC2=C3C(=CC(=C2)F)C=CC(=N3)C4=NN=C5N4C=CC=C5,9.15
P11309,C[C@H]1CN(C[C@H]([C@H]1NC(=O)C)N)C2=C(C=NC=C2)NC(=O)C3=NC(=C(C=C3)F)C4=C(C=CC=C4F)F,9.153333333
P11309,C[C@H]1C[C@H](C[C@H]([C@@H]1OC)N)C2=C(C=NC=C2)NC(=O)C3=NC(=C(C=C3)F)C4=C(C=C(C=C4F)OC)F,9.16
P11309,CCO[C@H]1[C@H](C[C@H](C[C@H]1N)C2=C(C=NC=C2)NC(=O)C3=NC(=C(C=C3)F)C4=C(C=C(C=C4F)C)F)C,9.176666667
P11309,C[C@H]1C[C@H](C[C@H]([C@H]1OC)N)C2=C(C=NC=C2)NC(=O)C3=NC(=C(C=C3)F)C4=C(C=C(C=C4F)OCCOC)F,9.186666667
P11309,CC(C)(CN)COC1=CC=CC2=C1N=C(C=C2)C3=NN=C4N3C=C(C=C4)C5CC5,9.19
P11309,C1CC(CCC1N)OC2=CC=CC3=C2N=C(C=C3)C4=NN=C5N4C=CC=C5,9.19
P11309,CC(C)(CN)COC1=CC=CC2=C1N=C(C=C2)C3=NN=C4N3C=C(C=C4)Br,9.19
P11309,C[C@H]1C[C@H](C[C@H]([C@H]1S(=O)(=O)C)N)C2=C(C=NC=C2)NC(=O)C3=C(SC(=N3)C4=C(C=CC=C4F)F)N,9.2
P11309,C[C@H]1C[C@H](C[C@H]([C@H]1N2C=C(N=N2)C(=C)C)N)C3=C(C=NC=C3)NC(=O)C4=NC(=C(C=C4)F)C5=C(C=CC=C5F)F,9.213333333
P11309,C[C@H]1CN(C[C@H]([C@H]1NC(=O)OC)N)C2=C(C=NC=C2)NC(=O)C3=NC(=C(C=C3)F)C4=C(C=C(C=C4F)C5(CCOCC5)O)F,9.216666667
P11309,C[C@H]1CN(C[C@H]([C@H]1N2C=CN=N2)N)C3=C(C=NC=C3)NC(=O)C4=NC(=C(C=C4)F)C5=C(C=C(C=C5F)C6(CCOCC6)O)F,9.223333333
P11309,C[C@H]1C[C@H](C[C@H]([C@H]1OC)N)C2=C(C=NC=C2)NC(=O)C3=NC(=C(C=C3)F)C4=C(C=C(C=C4F)C5CCS(=O)(=O)CC5)F,9.233333333
P11309,C[C@H]1CN(C[C@H]([C@H]1N2C=CN=N2)N)C3=C(C=NC=C3)NC(=O)C4=CSC(=N4)C5=C(C=CC=C5F)F,9.24
P11309,C[C@H]1C[C@H](C[C@H]([C@H]1N2C=CN=N2)N)C3=C(C=NC=C3)NC(=O)C4=NC(=C(C=C4)F)C5=C(C=C(C=C5F)C6(CCC6)O)F,9.246666667
P11309,C[C@H]1CN(C[C@H]([C@H]1N2C=CN=N2)N)C3=C(C=NC=C3)NC(=O)C4=NC(=C(C=C4)F)C5=C(C=C(C=C5F)C6(CCOCC6)F)F,9.25
P11309,C[C@H]1CN(C[C@H]([C@H]1NC(=O)OC)N)C2=C(C=NC=C2)NC(=O)C3=NC(=C(C=C3)F)C4=C(C=C(C=C4F)OC)F,9.25
P11309,CCOCC1=CC(=C(C(=C1)F)C2=C(C=CC(=N2)C(=O)NC3=C(C=CN=C3)[C@@H]4C[C@@H]([C@@H]([C@@H](C4)N)OCCS(=O)(=O)C)C)F)F,9.256666667
P11309,CC(C)(CN)COC1=C2C(=CC(=C1)F)C=CC(=N2)C3=NN=C4N3C=CC=C4,9.26
P11309,C1C[C@H](CN(C1)C2=C(C=CC=C2/C=C\3/C(=O)NC(=O)S3)C4=CC=CC=C4)N,9.27
P11309,CCOCC1=CC(=C(C(=C1)F)C2=C(C=CC(=N2)C(=O)NC3=C(C=CN=C3)[C@@H]4C[C@@H]([C@H]([C@@H](C4)N)OC)C)F)F,9.276666667
P11309,C[C@H]1C[C@H](C[C@H]([C@@H]1OC)N)C2=C(C=NC=C2)NC(=O)C3=NC(=C(C=C3)F)C4=C(C=C(C=C4F)C5(CCOCC5)O)F,9.283333333
P11309,C[C@H]1C[C@H](C[C@H]([C@H]1OC)N)C2=C(C=NC=C2)NC(=O)C3=NC(=C(C=C3)F)C4=C(C=C(C=C4F)C)F,9.286666667
P11309,C[C@H]1C[C@H](C[C@H]([C@H]1OCCS(=O)(=O)C)N)C2=C(C=NC=C2)NC(=O)C3=NC(=C(C=C3)F)C4=C(C=C(C=C4F)OCCOC)F,9.296666667
P11309,CCOCC1=CC(=C(C(=C1)F)C2=C(C=CC(=N2)C(=O)NC3=C(C=CN=C3)N4C[C@@H]([C@@H]([C@@H](C4)N)NC(=O)OC)C)F)F,9.3
P11309,CN1C(=C(C=N1)NC(=O)C2=C(SC(=N2)C3=C(C=CC=C3F)F)N)N4CC[C@@H](C4)CN,9.3
P11309,C1CNCCC1(COC2=C3C(=CC(=C2)F)C=CC(=N3)C4=NN=C5N4C=CC=C5)F,9.3
P11309,C1CC12CCNC[C@@H]2OC3=NC(=CN=C3)C4=NNC5=C4C=C(C=C5)C6=C(C=C(C=C6)C(=O)N)F,9.3
P11309,C[C@H]1C[C@H](C[C@H]([C@H]1OC)N)C2=C(C=NC=C2)NC(=O)C3=NC(=C(C=C3)F)C4=C(C=C(C=C4F)C(C)(C)O)F,9.313333333
P11309,C[C@H]1C[C@H](C[C@H]([C@@H]1OC)N)C2=C(C=NC=C2)NC(=O)C3=NC(=C(C=C3)F)C4=C(C=C(C=C4F)C)F,9.316666667
P11309,C[C@H]1C[C@H](C[C@H]([C@H]1N2C=CN=N2)N)C3=C(C=NC=C3)NC(=O)C4=NC(=C(C=C4)F)C5=C(C=C(C=C5F)C)F,9.32
P11309,C[C@H]1C[C@H](C[C@H]([C@H]1OC)N)C2=C(C=NC=C2)NC(=O)C3=NC(=C(C=C3)F)C4=C(C=C(C=C4F)C5(CCC5)O)F,9.32
P11309,C[C@H]1C[C@H](C[C@H]([C@@H]1OC)N)C2=C(C=NC=C2)NC(=O)C3=NC(=C(C=C3)F)C4=C(C=C(C=C4F)C5(CCC5)O)F,9.34
P11309,CN1C(=C(C=N1)NC(=O)C2=C(SC(=N2)C3=C(C=CC=C3F)F)N)C4CCC(CC4)N,9.34
P11309,C[C@H]1C[C@H](C[C@H]([C@H]1OCCS(=O)(=O)C)N)C2=C(C=NC=C2)NC(=O)C3=NC(=C(C=C3)F)C4=C(C=CC=C4F)F,9.343333333
P11309,C[C@H]1CN(C[C@H]([C@H]1N2C=CN=N2)N)C3=C(C=NC=C3)NC(=O)C4=NC(=C(C=C4N)F)C5=C(C=CC=C5F)F,9.346666667
P11309,C1CNCCC1(COC2=CC=CC3=C2N=C(C=C3)C4=NN=C5N4C=C(C=C5)C6=CC=CC=C6)F,9.35
P11309,C[C@H]1C[C@H](C[C@H]([C@H]1OC)N)C2=C(C=NC=C2)NC(=O)C3=NC(=C(C=C3)F)C4=C(C=C(C=C4F)OC(C)C)F,9.353333333
P11309,CCO[C@H]1[C@H](C[C@H](C[C@H]1N)C2=C(C=NC=C2)NC(=O)C3=NC(=C(C=C3)F)C4=C(C=CC=C4F)F)C,9.353333333
P11309,C[C@H]1C[C@H](C[C@H]([C@H]1OCCC#N)N)C2=C(C=NC=C2)NC(=O)C3=C(C=CC(=N3)C4=C(C=CC(=C4)C(=O)NC(C)C)F)N,9.36
P11309,C[C@H]1C[C@H](C[C@H](C12OCCO2)N)C3=C(C=NC=C3)NC(=O)C4=NC(=C(C=C4)F)C5=C(C=CC=C5F)F,9.37
P11309,C[C@H]1C[C@H](C[C@H]([C@@H]1OCCS(=O)(=O)C)N)C2=C(C=NC=C2)NC(=O)C3=NC(=C(C=C3)F)C4=C(C=C(C=C4F)OC5CCOCC5)F,9.38
P11309,CCOCC1=CC(=C(C(=C1)F)C2=C(C=CC(=N2)C(=O)NC3=C(C=CN=C3)N4C[C@@H]([C@@H]([C@@H](C4)N)N5C=CN=N5)C)F)F,9.38
P11309,C[C@H]1CN(C[C@H]([C@H]1N2C=C(N=N2)COC)N)C3=C(C=NC=C3)NC(=O)C4=NC(=C(C=C4)F)C5=C(C=CC=C5F)F,9.383333333
P11309,C1CC12CCNC[C@@H]2OC3=NC(=CN=C3)C4=NNC5=C4C=C(C=C5)C6=C(C=CC=C6F)F,9.4
P11309,C[C@H]1CC(C[C@H]([C@H]1N2C=CN=N2)N)C3=C(C=NC=C3)NC(=O)C4=NC(=C(C=C4)F)C5=C(C=C(C=C5F)OCCOC)F,9.403333333
P11309,C[C@H]1CN(C[C@H]([C@H]1N2C=CN=N2)N)C3=C(C=NC=C3)NC(=O)C4=NC(=C(C=C4)F)C5=C(C=C(C=C5F)OC(C)C)F,9.426666667
P11309,CN1C(=C(C=N1)NC(=O)C2=C(C=CC(=N2)C3=CC=CC=C3F)N)N4CCC[C@@H](CC4)N,9.43
P11309,C[C@H]1CN(C[C@H]([C@H]1N2C=C(N=N2)C)N)C3=C(C=NC=C3)NC(=O)C4=NC(=C(C=C4)F)C5=C(C=CC=C5F)F,9.443333333
P11309,C[C@H]1C[C@H](C[C@H]([C@H]1OCCS(=O)(=O)C)N)C2=C(C=NC=C2)NC(=O)C3=NC(=C(C=C3)F)C4=C(C=C(C=C4F)OC)F,9.446666667
P11309,C[C@H]1C[C@H](C[C@H]([C@H]1OCCS(=O)(=O)C)N)C2=C(C=NC=C2)NC(=O)C3=NC(=C(C=C3)F)C4=C(C=C(C=C4F)C5(CCOCC5)O)F,9.456666667
P11309,C[C@H]1CN(C[C@H]([C@H]1NC(=O)OC)N)C2=C(C=NC=C2)NC(=O)C3=NC(=C(C=C3)F)C4=C(C=C(C=C4F)C5(CCC5)O)F,9.456666667
P11309,C[C@H]1CN(C[C@H]([C@H]1N)N)C2=C(C=NC=C2)NC(=O)C3=NC(=C(C=C3)F)C4=C(C=CC=C4F)F,9.456666667
P11309,C[C@H]1C[C@H](C[C@H]([C@H]1N2C=NC=N2)N)C3=C(C=NC=C3)NC(=O)C4=NC(=C(C=C4)F)C5=C(C=CC=C5F)F,9.46
P11309,CN1C(=C(C=N1)NC(=O)C2=C(C=CC(=N2)C3=CC=CC=C3F)N)N4CCC[C@@H](C4)CN,9.46
P11309,C[C@H]1C[C@H](C[C@H]([C@H]1OC)N)C2=C(C=NC=C2)NC(=O)C3=NC(=C(C=C3)F)C4=C(C=C(C=C4F)C(C)C)F,9.466666667
P11309,C[C@H]1C[C@H](C[C@H]([C@H]1N2C=CN=N2)N)C3=C(C=NC=C3)NC(=O)C4=C(SC(=N4)C5=C(C=CC=C5F)F)N,9.47
P11309,C[C@H]1C[C@H](C[C@H]([C@@H]1OCCS(=O)(=O)C)N)C2=C(C=NC=C2)NC(=O)C3=NC(=C(C=C3)F)C4=C(C=C(C=C4F)C5(CCC5)O)F,9.473333333
P11309,C[C@H]1C[C@H](C[C@H](C1)N)C2=C(C=NC=C2)NC(=O)C3=NC(=C(C=C3)F)C4=C(C=CC=C4F)F,9.48
P11309,C[C@H]1C[C@H](C[C@H]([C@H]1OCCC#N)N)C2=C(C=NC=C2)NC(=O)C3=NC(=C(C=C3)F)C4=C(C=C(C=C4F)C5(CCC5)O)F,9.48
P11309,CCO[C@H]1[C@H](C[C@H](C[C@H]1N)C2=C(C=NC=C2)NC(=O)C3=C(SC(=N3)C4=C(C=CC=C4F)F)N)C,9.48
P11309,C[C@H]1CN(C[C@H]([C@H]1N2C=CN=N2)N)C3=C(C=NC=C3)NC(=O)C4=NC(=C(C=C4)F)C5=C(C=C(C=C5F)OC)F,9.493333333
P11309,C[C@H]1C[C@H](C[C@H]([C@H]1OCCC#N)N)C2=C(C=NC=C2)NC(=O)C3=NC(=C(C=C3)F)C4=C(C=CC=C4F)F,9.496666667
P11309,C[C@H]1C[C@H](C[C@H]([C@@H]1OC)N)C2=C(C=NC=C2)NC(=O)C3=NC(=C(C=C3N)F)C4=C(C=CC=C4F)F,9.5
P11309,C[C@H]1C[C@H](C[C@H]([C@H]1OCCS(=O)(=O)C)N)C2=C(C=NC=C2)NC(=O)C3=NC(=C(C=C3)F)C4=C(C=C(C=C4F)OC(C)C)F,9.513333333
P11309,CS(=O)(=O)NC1=CC(=C(C=C1)C2=CC3=C(C=C2)NN=C3C4=CN=CC(=N4)O[C@H]5CNCCC56CC6)F,9.52
P11309,C[C@H]1CN(C[C@H]([C@H]1NC(=O)OC)N)C2=C(C=NC=C2)NC(=O)C3=NC(=C(C=C3)F)C4=C(C=CC=C4F)F,9.526666667
P11309,C[C@H]1CN(C[C@H]([C@H]1N2C=C(N=N2)CO)N)C3=C(C=NC=C3)NC(=O)C4=NC(=C(C=C4)F)C5=C(C=CC=C5F)F,9.53
P11309,C[C@H]1C[C@H](C[C@H]([C@H]1OCCS(=O)(=O)C)N)C2=C(C=NC=C2)NC(=O)C3=NC(=C(C=C3)F)C4=C(C=C(C=C4F)C)F,9.533333333
P11309,C[C@H]1CN(C[C@H]([C@H]1N2C=CN=N2)N)C3=C(C=NC=C3)NC(=O)C4=C(SC(=N4)C5=C(C=CC=C5F)F)N,9.536666667
P11309,C[C@H]1CN(C[C@H]([C@H]1N2C=CN=N2)N)C3=C(C=NC=C3)NC(=O)C4=NC(=C(C=C4)F)C5=C(C=CC=C5F)F,9.54
P11309,C[C@H]1C[C@H](C[C@H]([C@H]1OCCC#N)N)C2=C(C=NC=C2)NC(=O)C3=NC(=C(C=C3)F)C4=C(C=C(C=C4F)OC5CCOCC5)F,9.543333333
P11309,CN1C(=C(C=N1)NC(=O)C2=NC(=CN=C2N)C3=CC=CC=C3F)N4CCC(CC4)N,9.55
P11309,C[C@H]1C[C@H](C[C@H]([C@H]1OCCC#N)N)C2=C(C=NC=C2)NC(=O)C3=NC(=C(C=C3)F)C4=C(C=C(C=C4F)OC)F,9.556666667
P11309,CN1C(=C(C=N1)NC(=O)C2=NC(=CN=C2N)C3=CC=CC=C3F)N4CCC[C@@H](C4)N,9.56
P11309,C[C@H]1CN(C[C@H]([C@H]1NC(=O)OC)N)C2=C(C=NC=C2)NC(=O)C3=NC(=C(C=C3)F)C4=C(C=C(C=C4F)C)F,9.57
P11309,C[C@H]1C[C@H](C[C@H]([C@@H]1OC)N)C2=C(C=NC=C2)NC(=O)C3=NC(=C(C=C3)F)C4=C(C=C(C=C4F)OC5CCOCC5)F,9.573333333
P11309,C[C@H]1C[C@H](C[C@H]([C@@H]1OC)N)C2=C(C=NC=C2)NC(=O)C3=C(SC(=N3)C4=C(C=CC=C4F)F)N,9.576666667
P11309,C[C@H]1CN(C[C@H]([C@H]1N2C=NC=N2)N)C3=C(C=NC=C3)NC(=O)C4=NC(=C(C=C4)F)C5=C(C=CC=C5F)F,9.576666667
P11309,C[C@H]1CN(C[C@H]([C@H]1NC(=O)OC)N)C2=C(C=NC=C2)NC(=O)C3=NC(=C(C=C3)F)C4=C(C=C(C=C4F)OC5CCOCC5)F,9.593333333
P11309,C[C@H]1CN(C[C@H]([C@H]1N(C)C(=O)OC)N)C2=C(C=NC=C2)NC(=O)C3=NC(=C(C=C3)F)C4=C(C=CC=C4F)F,9.6
P11309,C[C@H]1CN(C[C@H]([C@H]1N=[N+]=[N-])N)C2=C(C=NC=C2)NC(=O)C3=NC(=C(C=C3)F)C4=C(C=CC=C4F)F,9.606666667
P11309,C[C@H]1CN(C[C@H]([C@H]1N(C)C(=O)OC)N)C2=C(C=NC=C2)NC(=O)C3=NC(=C(C=C3)F)C4=C(C=C(C=C4F)C)F,9.61
P11309,CN1C(=C(C=N1)NC(=O)C2=C(C=CC(=N2)C3=CC=CC=C3F)N)N4CCC[C@H](C4)N,9.61
P11309,C[C@H]1C[C@H](C[C@H]([C@@H]1OC)N)C2=C(C=NC=C2)NC(=O)C3=NC(=C(C=C3)F)C4=C(C=C(C=C4F)OC(C)C)F,9.62
P11309,C[C@H]1C[C@H](C[C@H]([C@H]1OC)N)C2=C(C=NC=C2)NC(=O)C3=NC(=C(C=C3)F)C4=C(C=C(C=C4F)C5CCOCC5)F,9.623333333
P11309,C[C@H]1CN(C[C@H]([C@H]1N2C=CN=N2)N)C3=C(C=NC=C3)NC(=O)C4=NC(=C(C=C4)F)C5=C(C=C(C=C5F)C)F,9.626666667
P11309,C[C@H]1C[C@H](C[C@H]([C@H]1N2C=CN=N2)N)C3=C(C=NC=C3)NC(=O)C4=NC(=C(C=C4N)F)C5=C(C=CC=C5F)F,9.63
P11309,C[C@H]1C[C@H](C[C@H]([C@H]1OCCC#N)N)C2=C(C=NC=C2)NC(=O)C3=NC(=C(C=C3)F)C4=C(C=C(C=C4F)C5(CCOCC5)F)F,9.656666667
P11309,C[C@H]1CN(C[C@H]([C@H]1NC(=O)OC)N)C2=C(C=NC=C2)NC(=O)C3=C(SC(=N3)C4=C(C=CC=C4F)F)N,9.656666667
P11309,C[C@H]1C[C@H](C[C@H]([C@H]1OC2=CC=CC=N2)N)C3=C(C=NC=C3)NC(=O)C4=NC(=C(C=C4)F)C5=C(C=CC=C5F)F,9.67
P11309,C[C@H]1CN(C[C@H]([C@H]1NC(=O)OC)N)C2=C(C=NC=C2)NC(=O)C3=NC(=C(C=C3)F)C4=C(C=C(C=C4F)OC(C)C)F,9.686666667
P11309,C[C@H]1C[C@H](C[C@H]([C@H]1SC)N)C2=C(C=NC=C2)NC(=O)C3=NC(=C(C=C3)F)C4=C(C=CC=C4F)F,9.693333333
P11309,C1CC1C2=CN3C(=NN=C3C4=NC5=C(C=CC=C5OCC6(CCNCC6)F)C=C4)C=C2,9.7
P11309,C1CC12CCNC[C@@H]2OC3=NC(=CN=C3)C4=NNC5=C4C=C(C=C5)C6=C(C=C(C=C6)N)F,9.7
P11309,C[C@H]1C[C@H](C[C@H]([C@H]1OC)N)C2=C(C=NC=C2)NC(=O)C3=C(SC(=N3)C4=C(C=CC=C4F)F)N,9.74
P11309,C[C@H]1CN(C[C@H]([C@H]1NC(=O)OC)N)C2=C(C=NC=C2)NC(=O)C3=NC(=C(C=C3N)F)C4=C(C=CC=C4F)F,9.76
P11309,C[C@H]1C[C@H](C[C@H]([C@H]1OCCC#N)N)C2=C(C=NC=C2)NC(=O)C3=NC(=C(C=C3)F)C4=C(C=C(C=C4F)C)F,9.796666667
P11309,C[C@H]1C[C@H](C[C@H]([C@H]1OCCS(=O)(=O)C)N)C2=C(C=NC=C2)NC(=O)C3=C(SC(=N3)C4=C(C=CC=C4F)F)N,9.8
P11309,C[C@H]1C[C@H](C[C@H]([C@H]1OCCS(=O)(=O)C)N)C2=C(C=NC=C2)NC(=O)C3=NC(=C(C=C3N)F)C4=C(C=CC=C4F)F,9.813333333
P11309,C[C@H]1C[C@H](C[C@H]([C@H]1OCCC#N)N)C2=C(C=NC=C2)NC(=O)C3=NC(=C(C=C3N)F)C4=C(C=CC=C4F)F,9.846666667
P11309,C[C@H]1C[C@H](C[C@H]([C@H]1OCCC#N)N)C2=C(C=NC=C2)NC(=O)C3=C(SC(=N3)C4=C(C=CC=C4F)F)N,9.886666667
P11309,CN1C(=C(C=N1)NC(=O)C2=C(C=CC(=N2)C3=CC=CC=C3F)N)N4CCCC(CC4)N,9.94
P11309,CN[C@H]1CCCN(CC1)C2=C(C=NN2C)NC(=O)C3=C(SC(=N3)C4=C(C=CC=C4F)F)N,10.02
P11309,CN1C(=C(C=N1)NC(=O)C2=C(SC(=N2)C3=C(C=CC=C3F)F)N)N4CCCC(CC4)N,10.57
P11309,CN1C(=C(C=N1)NC(=O)C2=C(SC(=N2)C3=C(C=CC=C3F)F)N)N4CCC[C@H](CC4)N,10.62
